FECHA,TIPO DE PREDIO,DEPARTAMENTO/PROVINCIA,MUNICIPIO/CANTÓN,CONDICIÓN,LATITUD,LONGITUD
9/12/2024,"URBANA (PARQUE, AVENIDA, JARDÍN)",Azuay,Camilo Ponce Enríquez,AUSENTE,-2.966084373,-79.62700758
9/12/2024,"URBANA (PARQUE, AVENIDA, JARDÍN)",Azuay,Camilo Ponce Enríquez,AUSENTE,-2.96611733,-79.63168553
9/12/2024,"URBANA (PARQUE, AVENIDA, JARDÍN)",Azuay,Camilo Ponce Enríquez,AUSENTE,-2.965685396,-79.62618942
9/12/2024,"URBANA (PARQUE, AVENIDA, JARDÍN)",Azuay,Camilo Ponce Enríquez,AUSENTE,-2.956303345,-79.64578547
9/12/2024,"URBANA (PARQUE, AVENIDA, JARDÍN)",Azuay,Camilo Ponce Enríquez,AUSENTE,-2.956293859,-79.64542563
9/12/2024,"URBANA (PARQUE, AVENIDA, JARDÍN)",Azuay,Camilo Ponce Enríquez,AUSENTE,-2.957839899,-79.64495596
9/12/2024,LUGAR DE PRODUCCIÓN (CULTIVO),Bolívar,San Miguel,AUSENTE,-1.758441715,-79.15214163
9/12/2024,LUGAR DE PRODUCCIÓN (CULTIVO),Bolívar,San Miguel,AUSENTE,-1.758361666,-79.15348066
9/12/2024,LUGAR DE PRODUCCIÓN (CULTIVO),Bolívar,San Miguel,AUSENTE,-1.759080207,-79.15768553
9/12/2024,LUGAR DE PRODUCCIÓN (CULTIVO),Cañar,La Troncal,AUSENTE,-2.360829635,-79.41128383
9/12/2024,LUGAR DE PRODUCCIÓN (CULTIVO),Cañar,La Troncal,AUSENTE,-2.441929449,-79.37058541
9/12/2024,LUGAR DE PRODUCCIÓN (CULTIVO),Cañar,La Troncal,AUSENTE,-2.362553962,-79.40866553
9/12/2024,"URBANA (PARQUE, AVENIDA, JARDÍN)",Cañar,La Troncal,AUSENTE,-2.419764512,-79.34142721
9/12/2024,LUGAR DE PRODUCCIÓN (CULTIVO),Cañar,La Troncal,AUSENTE,-2.464434028,-79.38897256
9/12/2024,"URBANA (PARQUE, AVENIDA, JARDÍN)",Cañar,La Troncal,AUSENTE,-2.418840942,-79.34049327
9/12/2024,"URBANA (PARQUE, AVENIDA, JARDÍN)",Cañar,La Troncal,AUSENTE,-2.419734705,-79.33925144
9/12/2024,"URBANA (PARQUE, AVENIDA, JARDÍN)",Cañar,La Troncal,AUSENTE,-2.418884599,-79.3392255
9/12/2024,LUGAR DE PRODUCCIÓN (CULTIVO),Cañar,La Troncal,AUSENTE,-2.363693886,-79.40903286
9/12/2024,LUGAR DE PRODUCCIÓN (CULTIVO),Cañar,La Troncal,AUSENTE,-2.480880466,-79.38587761
9/12/2024,LUGAR DE PRODUCCIÓN (CULTIVO),Cañar,La Troncal,AUSENTE,-2.363494488,-79.40082444
9/12/2024,LUGAR DE PRODUCCIÓN (CULTIVO),Cañar,La Troncal,AUSENTE,-2.461260161,-79.38189114
9/12/2024,LUGAR DE PRODUCCIÓN (CULTIVO),Cañar,La Troncal,AUSENTE,-2.369789053,-79.36251646
9/12/2024,LUGAR DE PRODUCCIÓN (CULTIVO),Cañar,La Troncal,AUSENTE,-2.47591912,-79.41114092
9/12/2024,"URBANA (PARQUE, AVENIDA, JARDÍN)",Cañar,La Troncal,AUSENTE,-2.382619336,-79.36053236
9/12/2024,LUGAR DE PRODUCCIÓN (CULTIVO),Cañar,La Troncal,AUSENTE,-2.370389167,-79.36524894
9/12/2024,LUGAR DE PRODUCCIÓN (CULTIVO),Cañar,La Troncal,AUSENTE,-2.360884666,-79.40410008
9/12/2024,LUGAR DE PRODUCCIÓN (CULTIVO),Cañar,La Troncal,AUSENTE,-2.361986243,-79.40258837
9/12/2024,"URBANA (PARQUE, AVENIDA, JARDÍN)",Cañar,La Troncal,AUSENTE,-2.382007641,-79.37846976
9/12/2024,"URBANA (PARQUE, AVENIDA, JARDÍN)",Cañar,La Troncal,AUSENTE,-2.367888963,-79.40019904
9/12/2024,"URBANA (PARQUE, AVENIDA, JARDÍN)",Cañar,La Troncal,AUSENTE,-2.475774552,-79.411249
9/12/2024,LUGAR DE PRODUCCIÓN (CULTIVO),Cañar,La Troncal,AUSENTE,-2.369065217,-79.40070117
9/12/2024,"URBANA (PARQUE, AVENIDA, JARDÍN)",Cañar,La Troncal,AUSENTE,-2.368050151,-79.39882325
9/12/2024,LUGAR DE PRODUCCIÓN (CULTIVO),Cañar,La Troncal,AUSENTE,-2.478949976,-79.41967939
9/12/2024,LUGAR DE PRODUCCIÓN (CULTIVO),Cañar,La Troncal,AUSENTE,-2.382666773,-79.35484115
9/12/2024,LUGAR DE PRODUCCIÓN (CULTIVO),Carchi,Espejo,AUSENTE,0.8047904605,-78.15610621
9/12/2024,LUGAR DE PRODUCCIÓN (CULTIVO),Carchi,Espejo,AUSENTE,0.8049499165,-78.15156401
9/12/2024,LUGAR DE PRODUCCIÓN (CULTIVO),Carchi,Espejo,AUSENTE,0.8030420509,-78.14977004
9/12/2024,LUGAR DE PRODUCCIÓN (CULTIVO),Carchi,Espejo,AUSENTE,0.8027793189,-78.14879179
9/12/2024,LUGAR DE PRODUCCIÓN (CULTIVO),Carchi,Espejo,AUSENTE,0.8048987358,-78.15588173
9/12/2024,LUGAR DE PRODUCCIÓN (CULTIVO),Carchi,Espejo,AUSENTE,0.8054377371,-78.16424747
9/12/2024,LUGAR DE PRODUCCIÓN (CULTIVO),Carchi,Espejo,AUSENTE,0.8057653281,-78.16751471
9/12/2024,LUGAR DE PRODUCCIÓN (CULTIVO),Carchi,Espejo,AUSENTE,0.8058284681,-78.16735309
9/12/2024,LUGAR DE PRODUCCIÓN (CULTIVO),Carchi,Espejo,AUSENTE,0.8054682718,-78.16913968
9/12/2024,LUGAR DE PRODUCCIÓN (CULTIVO),Carchi,Espejo,AUSENTE,0.7877575775,-78.19600994
9/12/2024,LUGAR DE PRODUCCIÓN (CULTIVO),Chimborazo,Cumandá,AUSENTE,-2.223903971,-79.08913408
9/12/2024,LUGAR DE PRODUCCIÓN (CULTIVO),Chimborazo,Cumandá,AUSENTE,-2.221998914,-79.09131173
9/12/2024,LUGAR DE PRODUCCIÓN (CULTIVO),Chimborazo,Cumandá,AUSENTE,-2.220985426,-79.0907198
9/12/2024,LUGAR DE PRODUCCIÓN (CULTIVO),Chimborazo,Cumandá,AUSENTE,-2.21569292,-79.10250145
9/12/2024,LUGAR DE PRODUCCIÓN (CULTIVO),Chimborazo,Cumandá,AUSENTE,-2.209359067,-79.10618578
9/12/2024,LUGAR DE PRODUCCIÓN (CULTIVO),Cotopaxi,La Maná,AUSENTE,-0.9168538867,-79.224243
9/12/2024,LUGAR DE PRODUCCIÓN (CULTIVO),Cotopaxi,La Maná,AUSENTE,-0.9059888638,-79.23351934
9/12/2024,LUGAR DE PRODUCCIÓN (CULTIVO),Cotopaxi,La Maná,AUSENTE,-0.907342672,-79.22816448
9/12/2024,LUGAR DE PRODUCCIÓN (CULTIVO),Cotopaxi,La Maná,AUSENTE,-0.9008485679,-79.24410447
9/12/2024,LUGAR DE PRODUCCIÓN (CULTIVO),Cotopaxi,La Maná,AUSENTE,-0.7348724598,-79.13213218
9/12/2024,LUGAR DE PRODUCCIÓN (CULTIVO),Cotopaxi,La Maná,AUSENTE,-0.9029431153,-79.23706033
9/12/2024,LUGAR DE PRODUCCIÓN (CULTIVO),Cotopaxi,Pangua,AUSENTE,-1.008536888,-79.28545701
9/12/2024,LUGAR DE PRODUCCIÓN (CULTIVO),Cotopaxi,La Maná,AUSENTE,-0.902951838,-79.23640453
9/12/2024,LUGAR DE PRODUCCIÓN (CULTIVO),Cotopaxi,La Maná,AUSENTE,-0.9020027067,-79.23718656
9/12/2024,LUGAR DE PRODUCCIÓN (CULTIVO),Cotopaxi,La Maná,AUSENTE,-1.008699865,-79.28583425
9/12/2024,LUGAR DE PRODUCCIÓN (CULTIVO),Cotopaxi,La Maná,AUSENTE,-0.9041793334,-79.23160671
9/12/2024,LUGAR DE PRODUCCIÓN (CULTIVO),Cotopaxi,La Maná,AUSENTE,-0.8889925506,-79.22403193
9/12/2024,LUGAR DE PRODUCCIÓN (CULTIVO),Cotopaxi,Pangua,AUSENTE,-1.008510206,-79.28630153
9/12/2024,LUGAR DE PRODUCCIÓN (CULTIVO),Cotopaxi,La Maná,AUSENTE,-0.8888660237,-79.22418471
9/12/2024,LUGAR DE PRODUCCIÓN (CULTIVO),Cotopaxi,La Maná,AUSENTE,-0.9915965879,-79.24667313
9/12/2024,LUGAR DE PRODUCCIÓN (CULTIVO),Cotopaxi,La Maná,AUSENTE,-0.9340767664,-79.23442185
9/12/2024,LUGAR DE PRODUCCIÓN (CULTIVO),Cotopaxi,La Maná,AUSENTE,-0.8855289878,-79.22377306
9/12/2024,LUGAR DE PRODUCCIÓN (CULTIVO),El Oro,El Guabo,AUSENTE,-3.09031073,-79.77476885
9/12/2024,LUGAR DE PRODUCCIÓN (CULTIVO),El Oro,Machala,AUSENTE,-3.299712149,-79.94075541
9/12/2024,LUGAR DE PRODUCCIÓN (CULTIVO),El Oro,Pasaje,AUSENTE,-3.369539596,-79.88124085
9/12/2024,LUGAR DE PRODUCCIÓN (CULTIVO),El Oro,Machala,AUSENTE,-3.229532688,-79.91922142
9/12/2024,LUGAR DE PRODUCCIÓN (CULTIVO),El Oro,Machala,AUSENTE,-3.229378079,-79.91843864
9/12/2024,LUGAR DE PRODUCCIÓN (CULTIVO),El Oro,El Guabo,AUSENTE,-3.233213855,-79.81408868
9/12/2024,LUGAR DE PRODUCCIÓN (CULTIVO),El Oro,Machala,AUSENTE,-3.346818792,-79.93050767
9/12/2024,LUGAR DE PRODUCCIÓN (CULTIVO),El Oro,Machala,AUSENTE,-3.229750546,-79.91994114
9/12/2024,LUGAR DE PRODUCCIÓN (CULTIVO),El Oro,El Guabo,AUSENTE,-3.222746734,-79.88407759
9/12/2024,LUGAR DE PRODUCCIÓN (CULTIVO),El Oro,Machala,AUSENTE,-3.324953266,-79.91974904
9/12/2024,LUGAR DE PRODUCCIÓN (CULTIVO),El Oro,Machala,AUSENTE,-3.324344393,-79.90899449
9/12/2024,LUGAR DE PRODUCCIÓN (CULTIVO),El Oro,Pasaje,AUSENTE,-3.316620521,-79.8157455
9/12/2024,LUGAR DE PRODUCCIÓN (CULTIVO),El Oro,Machala,AUSENTE,-3.389870359,-79.93447505
9/12/2024,LUGAR DE PRODUCCIÓN (CULTIVO),El Oro,El Guabo,AUSENTE,-3.233683639,-79.81361119
9/12/2024,LUGAR DE PRODUCCIÓN (CULTIVO),El Oro,El Guabo,AUSENTE,-3.190224229,-79.73976526
9/12/2024,LUGAR DE PRODUCCIÓN (CULTIVO),El Oro,Machala,AUSENTE,-3.332224764,-79.93537462
9/12/2024,LUGAR DE PRODUCCIÓN (CULTIVO),El Oro,Pasaje,AUSENTE,-3.316467545,-79.81640267
9/12/2024,LUGAR DE PRODUCCIÓN (CULTIVO),El Oro,El Guabo,AUSENTE,-3.088375211,-79.77486104
9/12/2024,LUGAR DE PRODUCCIÓN (CULTIVO),El Oro,El Guabo,AUSENTE,-3.212995536,-79.8196734
9/12/2024,LUGAR DE PRODUCCIÓN (CULTIVO),El Oro,Pasaje,AUSENTE,-3.298733567,-79.80419321
9/12/2024,LUGAR DE PRODUCCIÓN (CULTIVO),El Oro,Arenillas,AUSENTE,-3.546248913,-80.2046954
9/12/2024,LUGAR DE PRODUCCIÓN (CULTIVO),El Oro,El Guabo,AUSENTE,-3.260895938,-79.84864989
9/12/2024,LUGAR DE PRODUCCIÓN (CULTIVO),El Oro,Machala,AUSENTE,-3.293301794,-79.87755602
9/12/2024,LUGAR DE PRODUCCIÓN (CULTIVO),El Oro,Machala,AUSENTE,-3.241555688,-79.90399065
9/12/2024,LUGAR DE PRODUCCIÓN (CULTIVO),El Oro,Pasaje,AUSENTE,-3.316929805,-79.8172031
9/12/2024,LUGAR DE PRODUCCIÓN (CULTIVO),El Oro,Machala,AUSENTE,-3.327054606,-79.90594045
9/12/2024,LUGAR DE PRODUCCIÓN (CULTIVO),El Oro,El Guabo,AUSENTE,-3.203191702,-79.82059353
9/12/2024,LUGAR DE PRODUCCIÓN (CULTIVO),El Oro,Machala,AUSENTE,-3.290940169,-79.88486648
9/12/2024,LUGAR DE PRODUCCIÓN (CULTIVO),El Oro,Pasaje,AUSENTE,-3.297811669,-79.80477029
9/12/2024,LUGAR DE PRODUCCIÓN (CULTIVO),El Oro,El Guabo,AUSENTE,-3.188315394,-79.73946164
9/12/2024,LUGAR DE PRODUCCIÓN (CULTIVO),El Oro,Machala,AUSENTE,-3.326726035,-79.88722051
9/12/2024,LUGAR DE PRODUCCIÓN (CULTIVO),El Oro,Machala,AUSENTE,-3.284239426,-79.8704474
9/12/2024,LUGAR DE PRODUCCIÓN (CULTIVO),El Oro,El Guabo,AUSENTE,-3.189408913,-79.82230102
9/12/2024,LUGAR DE PRODUCCIÓN (CULTIVO),El Oro,Pasaje,AUSENTE,-3.350137611,-79.80508531
9/12/2024,LUGAR DE PRODUCCIÓN (CULTIVO),El Oro,Machala,AUSENTE,-3.329304799,-79.90405693
9/12/2024,LUGAR DE PRODUCCIÓN (CULTIVO),El Oro,Machala,AUSENTE,-3.316164664,-79.92297164
9/12/2024,LUGAR DE PRODUCCIÓN (CULTIVO),El Oro,Pasaje,AUSENTE,-3.300902318,-79.80248969
9/12/2024,LUGAR DE PRODUCCIÓN (CULTIVO),El Oro,Machala,AUSENTE,-3.330235886,-79.90353389
9/12/2024,LUGAR DE PRODUCCIÓN (CULTIVO),El Oro,El Guabo,AUSENTE,-3.084072624,-79.77730433
9/12/2024,LUGAR DE PRODUCCIÓN (CULTIVO),El Oro,Machala,AUSENTE,-3.338592628,-79.91875313
9/12/2024,LUGAR DE PRODUCCIÓN (CULTIVO),El Oro,Pasaje,AUSENTE,-3.29983693,-79.8040839
9/12/2024,LUGAR DE PRODUCCIÓN (CULTIVO),El Oro,Machala,AUSENTE,-3.291155673,-79.87544348
9/12/2024,LUGAR DE PRODUCCIÓN (CULTIVO),El Oro,El Guabo,AUSENTE,-3.233524141,-79.81643707
9/12/2024,LUGAR DE PRODUCCIÓN (CULTIVO),El Oro,El Guabo,AUSENTE,-3.220784419,-79.88454768
9/12/2024,LUGAR DE PRODUCCIÓN (CULTIVO),El Oro,El Guabo,AUSENTE,-3.222277636,-79.88522099
9/12/2024,LUGAR DE PRODUCCIÓN (CULTIVO),El Oro,Machala,AUSENTE,-3.350059794,-79.92477086
9/12/2024,LUGAR DE PRODUCCIÓN (CULTIVO),El Oro,Arenillas,AUSENTE,-3.673765017,-80.12082768
9/12/2024,LUGAR DE PRODUCCIÓN (CULTIVO),El Oro,Machala,AUSENTE,-3.283023394,-79.86695689
9/12/2024,LUGAR DE PRODUCCIÓN (CULTIVO),El Oro,Machala,AUSENTE,-3.329624083,-79.89838646
9/12/2024,LUGAR DE PRODUCCIÓN (CULTIVO),El Oro,Pasaje,AUSENTE,-3.295610707,-79.76540006
9/12/2024,LUGAR DE PRODUCCIÓN (CULTIVO),El Oro,El Guabo,AUSENTE,-3.169731121,-79.76424749
9/12/2024,LUGAR DE PRODUCCIÓN (CULTIVO),El Oro,Arenillas,AUSENTE,-3.672001171,-80.12092845
9/12/2024,LUGAR DE PRODUCCIÓN (CULTIVO),El Oro,Machala,AUSENTE,-3.686870039,-79.93686382
9/12/2024,LUGAR DE PRODUCCIÓN (CULTIVO),El Oro,Machala,AUSENTE,-3.326531948,-79.88357568
9/12/2024,LUGAR DE PRODUCCIÓN (CULTIVO),El Oro,Pasaje,AUSENTE,-3.310558721,-79.77734206
9/12/2024,LUGAR DE PRODUCCIÓN (CULTIVO),El Oro,Arenillas,AUSENTE,-3.564596272,-80.20686745
9/12/2024,LUGAR DE PRODUCCIÓN (CULTIVO),El Oro,Machala,AUSENTE,-3.338041248,-79.91910475
9/12/2024,LUGAR DE PRODUCCIÓN (CULTIVO),El Oro,Pasaje,AUSENTE,-3.350127154,-79.80393331
9/12/2024,LUGAR DE PRODUCCIÓN (CULTIVO),El Oro,El Guabo,AUSENTE,-3.165767721,-79.77038004
9/12/2024,LUGAR DE PRODUCCIÓN (CULTIVO),El Oro,Machala,AUSENTE,-3.293483785,-79.88654662
9/12/2024,LUGAR DE PRODUCCIÓN (CULTIVO),El Oro,Arenillas,AUSENTE,-3.566506414,-80.2085044
9/12/2024,LUGAR DE PRODUCCIÓN (CULTIVO),El Oro,Machala,AUSENTE,-3.326495379,-79.88323372
9/12/2024,LUGAR DE PRODUCCIÓN (CULTIVO),El Oro,Machala,AUSENTE,-3.384674527,-79.93107843
9/12/2024,LUGAR DE PRODUCCIÓN (CULTIVO),El Oro,Pasaje,AUSENTE,-3.296799537,-79.80552746
9/12/2024,LUGAR DE PRODUCCIÓN (CULTIVO),El Oro,Machala,AUSENTE,-3.338332378,-79.92062549
9/12/2024,LUGAR DE PRODUCCIÓN (CULTIVO),El Oro,Arenillas,AUSENTE,-3.590431906,-80.20685424
9/12/2024,LUGAR DE PRODUCCIÓN (CULTIVO),El Oro,Arenillas,AUSENTE,-3.684003008,-80.10980556
9/12/2024,LUGAR DE PRODUCCIÓN (CULTIVO),El Oro,Pasaje,AUSENTE,-3.298708126,-79.80559718
9/12/2024,LUGAR DE PRODUCCIÓN (CULTIVO),El Oro,Machala,AUSENTE,-3.282325175,-79.88142016
9/12/2024,LUGAR DE PRODUCCIÓN (CULTIVO),El Oro,Pasaje,AUSENTE,-3.320283208,-79.84571975
9/12/2024,LUGAR DE PRODUCCIÓN (CULTIVO),El Oro,El Guabo,AUSENTE,-3.236758616,-79.82103186
9/12/2024,LUGAR DE PRODUCCIÓN (CULTIVO),El Oro,Pasaje,AUSENTE,-3.316083837,-79.76177489
9/12/2024,LUGAR DE PRODUCCIÓN (CULTIVO),El Oro,Arenillas,AUSENTE,-3.682092169,-80.11669562
9/12/2024,LUGAR DE PRODUCCIÓN (CULTIVO),El Oro,Pasaje,AUSENTE,-3.315455302,-79.76544752
9/12/2024,LUGAR DE PRODUCCIÓN (CULTIVO),El Oro,Santa Rosa,AUSENTE,-3.376726416,-79.84685971
9/12/2024,LUGAR DE PRODUCCIÓN (CULTIVO),El Oro,Santa Rosa,AUSENTE,-3.381060665,-79.84821367
9/12/2024,LUGAR DE PRODUCCIÓN (CULTIVO),El Oro,Santa Rosa,AUSENTE,-3.396701688,-79.88049864
9/12/2024,LUGAR DE PRODUCCIÓN (CULTIVO),Esmeraldas,Esmeraldas,AUSENTE,0.9200758113,-79.6389026
9/12/2024,LUGAR DE PRODUCCIÓN (CULTIVO),Esmeraldas,Esmeraldas,AUSENTE,0.9198589105,-79.63935195
9/12/2024,LUGAR DE PRODUCCIÓN (CULTIVO),Esmeraldas,Esmeraldas,AUSENTE,0.9195513106,-79.6391454
9/12/2024,LUGAR DE PRODUCCIÓN (CULTIVO),Esmeraldas,Esmeraldas,AUSENTE,0.9193432751,-79.63912751
9/12/2024,LUGAR DE PRODUCCIÓN (CULTIVO),Esmeraldas,Esmeraldas,AUSENTE,0.9192801826,-79.6397026
9/12/2024,LUGAR DE PRODUCCIÓN (CULTIVO),Guayas,Yaguachi,AUSENTE,-2.103792035,-79.45808898
9/12/2024,LUGAR DE PRODUCCIÓN (CULTIVO),Guayas,Simón Bolívar,AUSENTE,-2.351708037,-79.38296435
9/12/2024,LUGAR DE PRODUCCIÓN (CULTIVO),Guayas,El Triunfo,AUSENTE,-2.910764642,-79.79710856
9/12/2024,LUGAR DE PRODUCCIÓN (CULTIVO),Guayas,Balao,AUSENTE,-2.103303218,-79.45763999
9/12/2024,LUGAR DE PRODUCCIÓN (CULTIVO),Guayas,Simón Bolívar,AUSENTE,-2.910773687,-79.79710855
9/12/2024,LUGAR DE PRODUCCIÓN (CULTIVO),Guayas,Guayaquil,AUSENTE,-2.910755597,-79.79710857
9/12/2024,LUGAR DE PRODUCCIÓN (CULTIVO),Guayas,Simón Bolívar,AUSENTE,-2.996902784,-79.77444251
9/12/2024,LUGAR DE PRODUCCIÓN (CULTIVO),Guayas,Guayaquil,AUSENTE,-2.99703858,-79.77455032
9/12/2024,LUGAR DE PRODUCCIÓN (CULTIVO),Guayas,El Triunfo,AUSENTE,-2.35174441,-79.38313513
9/12/2024,LUGAR DE PRODUCCIÓN (CULTIVO),Guayas,Balao,AUSENTE,-2.996205004,-79.77327368
9/12/2024,LUGAR DE PRODUCCIÓN (CULTIVO),Guayas,Guayaquil,AUSENTE,-2.996088401,-79.77414651
9/12/2024,LUGAR DE PRODUCCIÓN (CULTIVO),Guayas,Guayaquil,AUSENTE,-2.994903559,-79.77419282
9/12/2024,LUGAR DE PRODUCCIÓN (CULTIVO),Guayas,El Triunfo,AUSENTE,-2.994197879,-79.77404065
9/12/2024,LUGAR DE PRODUCCIÓN (CULTIVO),Guayas,Guayaquil,AUSENTE,-2.994098364,-79.77402277
9/12/2024,LUGAR DE PRODUCCIÓN (CULTIVO),Guayas,Balao,AUSENTE,-2.994224953,-79.77398664
9/12/2024,LUGAR DE PRODUCCIÓN (CULTIVO),Guayas,Guayaquil,AUSENTE,-2.990110355,-79.77476494
9/12/2024,LUGAR DE PRODUCCIÓN (CULTIVO),Guayas,El Triunfo,AUSENTE,-2.99013754,-79.7748099
9/12/2024,"URBANA (PARQUE, AVENIDA, JARDÍN)",Guayas,El Empalme,AUSENTE,-0.9393827327,-79.60713204
9/12/2024,LUGAR DE PRODUCCIÓN (CULTIVO),Guayas,El Triunfo,AUSENTE,-2.353354431,-79.3526281
9/12/2024,LUGAR DE PRODUCCIÓN (CULTIVO),Guayas,General Antonio Elizalde (Bucay),AUSENTE,-2.123999936,-79.26656328
9/12/2024,"URBANA (PARQUE, AVENIDA, JARDÍN)",Guayas,El Empalme,AUSENTE,-0.9469888286,-79.60611368
9/12/2024,LUGAR DE PRODUCCIÓN (CULTIVO),Guayas,Balao,AUSENTE,-2.910849525,-79.79192661
9/12/2024,LUGAR DE PRODUCCIÓN (CULTIVO),Guayas,Simón Bolívar,AUSENTE,-2.101767702,-79.4596012
9/12/2024,LUGAR DE PRODUCCIÓN (CULTIVO),Guayas,Simón Bolívar,AUSENTE,-2.104201716,-79.4608124
9/12/2024,LUGAR DE PRODUCCIÓN (CULTIVO),Guayas,Simón Bolívar,AUSENTE,-2.005329541,-79.47572094
9/12/2024,"URBANA (PARQUE, AVENIDA, JARDÍN)",Guayas,El Empalme,AUSENTE,-0.9526162354,-79.61021771
9/12/2024,"URBANA (PARQUE, AVENIDA, JARDÍN)",Guayas,El Empalme,AUSENTE,-0.9578727248,-79.61407031
9/12/2024,LUGAR DE PRODUCCIÓN (CULTIVO),Guayas,Guayaquil,AUSENTE,-2.98991086,-79.78240351
9/12/2024,LUGAR DE PRODUCCIÓN (CULTIVO),Guayas,Simón Bolívar,AUSENTE,-2.080799952,-79.34048891
9/12/2024,LUGAR DE PRODUCCIÓN (CULTIVO),Guayas,El Triunfo,AUSENTE,-2.354275133,-79.3360395
9/12/2024,LUGAR DE PRODUCCIÓN (CULTIVO),Guayas,Guayaquil,AUSENTE,-2.992340713,-79.77948583
9/12/2024,"URBANA (PARQUE, AVENIDA, JARDÍN)",Guayas,El Empalme,AUSENTE,-0.8923036448,-79.60204666
9/12/2024,LUGAR DE PRODUCCIÓN (CULTIVO),Guayas,Simón Bolívar,AUSENTE,-2.07682936,-79.3399717
9/12/2024,"URBANA (PARQUE, AVENIDA, JARDÍN)",Guayas,El Empalme,AUSENTE,-0.8695621025,-79.59279153
9/12/2024,LUGAR DE PRODUCCIÓN (CULTIVO),Guayas,Guayaquil,AUSENTE,-2.987120843,-79.77868188
9/12/2024,LUGAR DE PRODUCCIÓN (CULTIVO),Guayas,Balao,AUSENTE,-2.914252228,-79.81048242
9/12/2024,LUGAR DE PRODUCCIÓN (CULTIVO),Guayas,Guayaquil,AUSENTE,-2.987301442,-79.77841178
9/12/2024,LUGAR DE PRODUCCIÓN (CULTIVO),Guayas,Balao,AUSENTE,-2.902784958,-79.75379152
9/12/2024,"URBANA (PARQUE, AVENIDA, JARDÍN)",Guayas,El Empalme,AUSENTE,-0.8772154149,-79.59709253
9/12/2024,LUGAR DE PRODUCCIÓN (CULTIVO),Guayas,Guayaquil,AUSENTE,-2.979063771,-79.77240203
9/12/2024,LUGAR DE PRODUCCIÓN (CULTIVO),Guayas,Simón Bolívar,AUSENTE,-2.076947342,-79.34036709
9/12/2024,LUGAR DE PRODUCCIÓN (CULTIVO),Guayas,Simón Bolívar,AUSENTE,-2.016570726,-79.49451575
9/12/2024,LUGAR DE PRODUCCIÓN (CULTIVO),Guayas,Guayaquil,AUSENTE,-2.978970217,-79.77771923
9/12/2024,LUGAR DE PRODUCCIÓN (CULTIVO),Guayas,Simón Bolívar,AUSENTE,-2.083033675,-79.34049556
9/12/2024,"URBANA (PARQUE, AVENIDA, JARDÍN)",Guayas,El Empalme,AUSENTE,-0.8802355836,-79.59520454
9/12/2024,LUGAR DE PRODUCCIÓN (CULTIVO),Guayas,Milagro,AUSENTE,-2.121698882,-79.50379292
9/12/2024,"URBANA (PARQUE, AVENIDA, JARDÍN)",Guayas,El Empalme,AUSENTE,-0.8805588954,-79.58917543
9/12/2024,LUGAR DE PRODUCCIÓN (CULTIVO),Guayas,El Triunfo,AUSENTE,-2.352555122,-79.33455812
9/12/2024,LUGAR DE PRODUCCIÓN (CULTIVO),Guayas,Guayaquil,AUSENTE,-2.978512521,-79.77284349
9/12/2024,LUGAR DE PRODUCCIÓN (CULTIVO),Guayas,Balao,AUSENTE,-2.919046079,-79.76861744
9/12/2024,LUGAR DE PRODUCCIÓN (CULTIVO),Guayas,Milagro,AUSENTE,-2.122349986,-79.50372038
9/12/2024,LUGAR DE PRODUCCIÓN (CULTIVO),Guayas,Simón Bolívar,AUSENTE,-2.102166748,-79.4607245
9/12/2024,LUGAR DE PRODUCCIÓN (CULTIVO),Guayas,Simón Bolívar,AUSENTE,-2.085835881,-79.33932407
9/12/2024,LUGAR DE PRODUCCIÓN (CULTIVO),Guayas,Guayaquil,AUSENTE,-2.976422859,-79.77260289
9/12/2024,LUGAR DE PRODUCCIÓN (CULTIVO),Guayas,Balao,AUSENTE,-2.911367629,-79.76107799
9/12/2024,LUGAR DE PRODUCCIÓN (CULTIVO),Guayas,Milagro,AUSENTE,-2.121175435,-79.50493513
9/12/2024,LUGAR DE PRODUCCIÓN (CULTIVO),Guayas,Milagro,AUSENTE,-2.122582827,-79.51066029
9/12/2024,LUGAR DE PRODUCCIÓN (CULTIVO),Guayas,Balao,AUSENTE,-2.914184333,-79.76444849
9/12/2024,LUGAR DE PRODUCCIÓN (CULTIVO),Guayas,Simón Bolívar,AUSENTE,-2.103831567,-79.461469
9/12/2024,LUGAR DE PRODUCCIÓN (CULTIVO),Guayas,Milagro,AUSENTE,-2.122078471,-79.5128453
9/12/2024,LUGAR DE PRODUCCIÓN (CULTIVO),Guayas,Milagro,AUSENTE,-2.122494518,-79.51286288
9/12/2024,LUGAR DE PRODUCCIÓN (CULTIVO),Guayas,Simón Bolívar,AUSENTE,-2.08167143,-79.35220051
9/12/2024,LUGAR DE PRODUCCIÓN (CULTIVO),Guayas,Simón Bolívar,AUSENTE,-2.082133174,-79.35270341
9/12/2024,LUGAR DE PRODUCCIÓN (CULTIVO),Guayas,Balao,AUSENTE,-2.920330495,-79.76864303
9/12/2024,LUGAR DE PRODUCCIÓN (CULTIVO),Guayas,Simón Bolívar,AUSENTE,-2.105216703,-79.46289697
9/12/2024,LUGAR DE PRODUCCIÓN (CULTIVO),Guayas,Simón Bolívar,AUSENTE,-2.085248461,-79.35683508
9/12/2024,LUGAR DE PRODUCCIÓN (CULTIVO),Guayas,Simón Bolívar,AUSENTE,-2.105867347,-79.46237494
9/12/2024,LUGAR DE PRODUCCIÓN (CULTIVO),Guayas,El Triunfo,AUSENTE,-2.360994006,-79.3357708
9/12/2024,LUGAR DE PRODUCCIÓN (CULTIVO),Guayas,Simón Bolívar,AUSENTE,-2.107803155,-79.46278656
9/12/2024,LUGAR DE PRODUCCIÓN (CULTIVO),Guayas,Simón Bolívar,AUSENTE,-2.108154281,-79.33031155
9/12/2024,LUGAR DE PRODUCCIÓN (CULTIVO),Guayas,Simón Bolívar,AUSENTE,-2.099408821,-79.45208832
9/12/2024,LUGAR DE PRODUCCIÓN (CULTIVO),Guayas,Simón Bolívar,AUSENTE,-2.110605129,-79.33040782
9/12/2024,LUGAR DE PRODUCCIÓN (CULTIVO),Guayas,Milagro,AUSENTE,-2.122494518,-79.51286288
9/12/2024,LUGAR DE PRODUCCIÓN (CULTIVO),Guayas,Samborondón,AUSENTE,-1.971499674,-79.74989209
9/12/2024,LUGAR DE PRODUCCIÓN (CULTIVO),Guayas,Samborondón,AUSENTE,-1.965975921,-79.75357306
9/12/2024,LUGAR DE PRODUCCIÓN (CULTIVO),Guayas,Naranjal,AUSENTE,-2.736054909,-79.67408733
9/12/2024,LUGAR DE PRODUCCIÓN (CULTIVO),Guayas,Naranjal,AUSENTE,-2.510966566,-79.50542558
9/12/2024,LUGAR DE PRODUCCIÓN (CULTIVO),Guayas,Samborondón,AUSENTE,-1.965298345,-79.75464336
9/12/2024,LUGAR DE PRODUCCIÓN (CULTIVO),Guayas,Naranjal,AUSENTE,-2.516931975,-79.52593032
9/12/2024,LUGAR DE PRODUCCIÓN (CULTIVO),Guayas,Naranjal,AUSENTE,-2.5192075,-79.50698985
9/12/2024,LUGAR DE PRODUCCIÓN (CULTIVO),Guayas,Naranjal,AUSENTE,-2.639550855,-79.56316541
9/12/2024,"URBANA (PARQUE, AVENIDA, JARDÍN)",Guayas,Simón Bolívar,AUSENTE,-2.084382768,-79.47548452
9/12/2024,"URBANA (PARQUE, AVENIDA, JARDÍN)",Guayas,Simón Bolívar,AUSENTE,-2.084620841,-79.47849576
9/12/2024,LUGAR DE PRODUCCIÓN (CULTIVO),Guayas,Simón Bolívar,AUSENTE,-2.061406267,-79.38848258
9/12/2024,LUGAR DE PRODUCCIÓN (CULTIVO),Guayas,Simón Bolívar,AUSENTE,-2.026205742,-79.45953012
9/12/2024,LUGAR DE PRODUCCIÓN (CULTIVO),Imbabura,Cotacachi,AUSENTE,0.3987936039,-78.52845821
9/12/2024,LUGAR DE PRODUCCIÓN (CULTIVO),Imbabura,Cotacachi,AUSENTE,0.398748616,-78.5291406
9/12/2024,LUGAR DE PRODUCCIÓN (CULTIVO),Imbabura,Cotacachi,AUSENTE,0.3984863459,-78.52866481
9/12/2024,LUGAR DE PRODUCCIÓN (CULTIVO),Los Ríos,Ventanas,AUSENTE,-1.395869508,-79.39191926
9/12/2024,LUGAR DE PRODUCCIÓN (CULTIVO),Los Ríos,Ventanas,AUSENTE,-1.396008005,-79.39605265
9/12/2024,LUGAR DE PRODUCCIÓN (CULTIVO),Los Ríos,Ventanas,AUSENTE,-1.399029141,-79.39684136
9/12/2024,LUGAR DE PRODUCCIÓN (CULTIVO),Los Ríos,Ventanas,AUSENTE,-1.398918384,-79.39359754
9/12/2024,LUGAR DE PRODUCCIÓN (CULTIVO),Los Ríos,Ventanas,AUSENTE,-1.373099477,-79.39480106
9/12/2024,LUGAR DE PRODUCCIÓN (CULTIVO),Los Ríos,Puebloviejo,AUSENTE,-1.58963655,-79.53325966
9/12/2024,LUGAR DE PRODUCCIÓN (CULTIVO),Los Ríos,Baba,AUSENTE,-1.667857485,-79.68165557
9/12/2024,LUGAR DE PRODUCCIÓN (CULTIVO),Los Ríos,Puebloviejo,AUSENTE,-1.553372348,-79.55104348
9/12/2024,LUGAR DE PRODUCCIÓN (CULTIVO),Los Ríos,Babahoyo,AUSENTE,-1.716200911,-79.43011518
9/12/2024,LUGAR DE PRODUCCIÓN (CULTIVO),Los Ríos,Montalvo,AUSENTE,-1.697678184,-79.2810368
9/12/2024,LUGAR DE PRODUCCIÓN (CULTIVO),Los Ríos,Valencia,AUSENTE,-0.8367399583,-79.32012664
9/12/2024,LUGAR DE PRODUCCIÓN (CULTIVO),Los Ríos,Puebloviejo,AUSENTE,-1.594551134,-79.53821715
9/12/2024,LUGAR DE PRODUCCIÓN (CULTIVO),Los Ríos,Puebloviejo,AUSENTE,-1.565758062,-79.53094873
9/12/2024,LUGAR DE PRODUCCIÓN (CULTIVO),Los Ríos,Quevedo,AUSENTE,-1.002186658,-79.38788136
9/12/2024,LUGAR DE PRODUCCIÓN (CULTIVO),Los Ríos,Babahoyo,AUSENTE,-1.749350219,-79.53469618
9/12/2024,LUGAR DE PRODUCCIÓN (CULTIVO),Los Ríos,Puebloviejo,AUSENTE,-1.591624994,-79.53145182
9/12/2024,LUGAR DE PRODUCCIÓN (CULTIVO),Los Ríos,Puebloviejo,AUSENTE,-1.556964334,-79.55304517
9/12/2024,LUGAR DE PRODUCCIÓN (CULTIVO),Los Ríos,Baba,AUSENTE,-1.642536512,-79.63484513
9/12/2024,LUGAR DE PRODUCCIÓN (CULTIVO),Los Ríos,Baba,AUSENTE,-1.66694489,-79.68304035
9/12/2024,LUGAR DE PRODUCCIÓN (CULTIVO),Los Ríos,Babahoyo,AUSENTE,-1.726159037,-79.49796306
9/12/2024,LUGAR DE PRODUCCIÓN (CULTIVO),Los Ríos,Buena Fe,AUSENTE,-0.6378109402,-79.42861601
9/12/2024,LUGAR DE PRODUCCIÓN (CULTIVO),Los Ríos,Ventanas,AUSENTE,-1.496302346,-79.47128838
9/12/2024,LUGAR DE PRODUCCIÓN (CULTIVO),Los Ríos,Puebloviejo,AUSENTE,-1.599600107,-79.54137711
9/12/2024,"URBANA (PARQUE, AVENIDA, JARDÍN)",Los Ríos,Baba,AUSENTE,-1.669056614,-79.71666384
9/12/2024,LUGAR DE PRODUCCIÓN (CULTIVO),Los Ríos,Puebloviejo,AUSENTE,-1.553281123,-79.54991117
9/12/2024,"URBANA (PARQUE, AVENIDA, JARDÍN)",Los Ríos,Baba,AUSENTE,-1.667067602,-79.71800438
9/12/2024,LUGAR DE PRODUCCIÓN (CULTIVO),Los Ríos,Buena Fe,AUSENTE,-0.7522598706,-79.52789091
9/12/2024,LUGAR DE PRODUCCIÓN (CULTIVO),Los Ríos,Ventanas,AUSENTE,-1.378794401,-79.40432221
9/12/2024,LUGAR DE PRODUCCIÓN (CULTIVO),Los Ríos,Montalvo,AUSENTE,-1.698334777,-79.26701717
9/12/2024,LUGAR DE PRODUCCIÓN (CULTIVO),Los Ríos,Valencia,AUSENTE,-0.8669231935,-79.39478002
9/12/2024,LUGAR DE PRODUCCIÓN (CULTIVO),Los Ríos,Ventanas,AUSENTE,-1.382623679,-79.40991784
9/12/2024,LUGAR DE PRODUCCIÓN (CULTIVO),Los Ríos,Puebloviejo,AUSENTE,-1.593147826,-79.53619601
9/12/2024,LUGAR DE PRODUCCIÓN (CULTIVO),Los Ríos,Ventanas,AUSENTE,-1.381878045,-79.40392478
9/12/2024,LUGAR DE PRODUCCIÓN (CULTIVO),Los Ríos,Quevedo,AUSENTE,-1.009229793,-79.31331649
9/12/2024,LUGAR DE PRODUCCIÓN (CULTIVO),Los Ríos,Ventanas,AUSENTE,-1.383242978,-79.40293542
9/12/2024,LUGAR DE PRODUCCIÓN (CULTIVO),Los Ríos,Baba,AUSENTE,1.643802881,-79.63501504
9/12/2024,LUGAR DE PRODUCCIÓN (CULTIVO),Los Ríos,Ventanas,AUSENTE,-1.355659191,-79.38874729
9/12/2024,LUGAR DE PRODUCCIÓN (CULTIVO),Los Ríos,Vinces,AUSENTE,-1.58136609,-79.79215559
9/12/2024,LUGAR DE PRODUCCIÓN (CULTIVO),Los Ríos,Valencia,AUSENTE,-0.7445749797,-79.28682579
9/12/2024,LUGAR DE PRODUCCIÓN (CULTIVO),Los Ríos,Puebloviejo,AUSENTE,-1.551624683,-79.54798905
9/12/2024,LUGAR DE PRODUCCIÓN (CULTIVO),Los Ríos,Baba,AUSENTE,-1.66149431,-79.71556318
9/12/2024,LUGAR DE PRODUCCIÓN (CULTIVO),Los Ríos,Babahoyo,AUSENTE,-1.674098246,-79.4942106
9/12/2024,LUGAR DE PRODUCCIÓN (CULTIVO),Los Ríos,Vinces,AUSENTE,-1.585301931,-79.79414869
9/12/2024,LUGAR DE PRODUCCIÓN (CULTIVO),Los Ríos,Babahoyo,AUSENTE,-1.751952663,-79.53177307
9/12/2024,LUGAR DE PRODUCCIÓN (CULTIVO),Los Ríos,Babahoyo,AUSENTE,-1.716316155,-79.42730204
9/12/2024,LUGAR DE PRODUCCIÓN (CULTIVO),Los Ríos,Vinces,AUSENTE,-1.567332151,-79.7383346
9/12/2024,LUGAR DE PRODUCCIÓN (CULTIVO),Los Ríos,Puebloviejo,AUSENTE,-1.558039834,-79.52600221
9/12/2024,LUGAR DE PRODUCCIÓN (CULTIVO),Los Ríos,Buena Fe,AUSENTE,-0.8221692743,-79.47221598
9/12/2024,LUGAR DE PRODUCCIÓN (CULTIVO),Los Ríos,Valencia,AUSENTE,-0.9731909658,-79.38447226
9/12/2024,LUGAR DE PRODUCCIÓN (CULTIVO),Los Ríos,Valencia,AUSENTE,-0.7335135628,-79.40413927
9/12/2024,LUGAR DE PRODUCCIÓN (CULTIVO),Los Ríos,Puebloviejo,AUSENTE,-1.548697255,-79.55225094
9/12/2024,LUGAR DE PRODUCCIÓN (CULTIVO),Los Ríos,Baba,AUSENTE,-1.65333548,-79.71512801
9/12/2024,LUGAR DE PRODUCCIÓN (CULTIVO),Los Ríos,Valencia,AUSENTE,-0.7333229823,-79.40229762
9/12/2024,LUGAR DE PRODUCCIÓN (CULTIVO),Los Ríos,Montalvo,AUSENTE,-1.699722794,-79.28199656
9/12/2024,LUGAR DE PRODUCCIÓN (CULTIVO),Los Ríos,Babahoyo,AUSENTE,-1.72383645,-79.50016686
9/12/2024,LUGAR DE PRODUCCIÓN (CULTIVO),Los Ríos,Valencia,AUSENTE,-0.7333405142,-79.40075237
9/12/2024,LUGAR DE PRODUCCIÓN (CULTIVO),Los Ríos,Valencia,AUSENTE,-0.734479852,-79.40026683
9/12/2024,LUGAR DE PRODUCCIÓN (CULTIVO),Los Ríos,Buena Fe,AUSENTE,-0.8216809056,-79.47224312
9/12/2024,LUGAR DE PRODUCCIÓN (CULTIVO),Los Ríos,Valencia,AUSENTE,-0.7354833092,-79.39916145
9/12/2024,"URBANA (PARQUE, AVENIDA, JARDÍN)",Los Ríos,Puebloviejo,AUSENTE,-1.594253373,-79.53919697
9/12/2024,LUGAR DE PRODUCCIÓN (CULTIVO),Los Ríos,Vinces,AUSENTE,-1.606664336,-79.80534462
9/12/2024,LUGAR DE PRODUCCIÓN (CULTIVO),Los Ríos,Puebloviejo,AUSENTE,-1.601172159,-79.53906626
9/12/2024,LUGAR DE PRODUCCIÓN (CULTIVO),Los Ríos,Baba,AUSENTE,-1.653741219,-79.71315934
9/12/2024,"URBANA (PARQUE, AVENIDA, JARDÍN)",Los Ríos,Valencia,AUSENTE,-0.9615132153,-79.41780123
9/12/2024,"URBANA (PARQUE, AVENIDA, JARDÍN)",Los Ríos,Valencia,AUSENTE,-0.9587341343,-79.41216022
9/12/2024,LUGAR DE PRODUCCIÓN (CULTIVO),Los Ríos,Montalvo,AUSENTE,-1.703393228,-79.28078911
9/12/2024,LUGAR DE PRODUCCIÓN (CULTIVO),Los Ríos,Baba,AUSENTE,-1.643966365,-79.6360036
9/12/2024,LUGAR DE PRODUCCIÓN (CULTIVO),Los Ríos,Quinsaloma,AUSENTE,-0.9905502895,-79.33904786
9/12/2024,"URBANA (PARQUE, AVENIDA, JARDÍN)",Los Ríos,Puebloviejo,AUSENTE,-1.593528604,-79.53748092
9/12/2024,LUGAR DE PRODUCCIÓN (CULTIVO),Los Ríos,Babahoyo,AUSENTE,-1.749488013,-79.52592384
9/12/2024,LUGAR DE PRODUCCIÓN (CULTIVO),Los Ríos,Quinsaloma,AUSENTE,-0.9912377512,-79.33936197
9/12/2024,LUGAR DE PRODUCCIÓN (CULTIVO),Los Ríos,Ventanas,AUSENTE,-1.507082418,-79.47073271
9/12/2024,LUGAR DE PRODUCCIÓN (CULTIVO),Los Ríos,Quinsaloma,AUSENTE,-0.992412497,-79.33757351
9/12/2024,LUGAR DE PRODUCCIÓN (CULTIVO),Los Ríos,Vinces,AUSENTE,-1.614169658,-79.80154718
9/12/2024,"URBANA (PARQUE, AVENIDA, JARDÍN)",Los Ríos,Quinsaloma,AUSENTE,-1.075554569,-79.33132196
9/12/2024,"URBANA (PARQUE, AVENIDA, JARDÍN)",Los Ríos,Quinsaloma,AUSENTE,-1.074479754,-79.33378429
9/12/2024,LUGAR DE PRODUCCIÓN (CULTIVO),Los Ríos,Valencia,AUSENTE,-0.9693871215,-79.37305489
9/12/2024,"URBANA (PARQUE, AVENIDA, JARDÍN)",Los Ríos,Buena Fe,AUSENTE,-0.8272064344,-79.47123475
9/12/2024,LUGAR DE PRODUCCIÓN (CULTIVO),Los Ríos,Valencia,AUSENTE,-0.860032701,-79.3967235
9/12/2024,"URBANA (PARQUE, AVENIDA, JARDÍN)",Los Ríos,Quinsaloma,AUSENTE,-1.06360916,-79.3330714
9/12/2024,"URBANA (PARQUE, AVENIDA, JARDÍN)",Los Ríos,Quinsaloma,AUSENTE,-1.05573952,-79.34644449
9/12/2024,LUGAR DE PRODUCCIÓN (CULTIVO),Los Ríos,Babahoyo,AUSENTE,-1.676973655,-79.49341751
9/12/2024,LUGAR DE PRODUCCIÓN (CULTIVO),Los Ríos,Valencia,AUSENTE,-0.8703474465,-79.40820106
9/12/2024,LUGAR DE PRODUCCIÓN (CULTIVO),Los Ríos,Baba,AUSENTE,-1.64368669,-79.63703739
9/12/2024,LUGAR DE PRODUCCIÓN (CULTIVO),Los Ríos,Babahoyo,AUSENTE,-1.723138197,-79.15051359
9/12/2024,LUGAR DE PRODUCCIÓN (CULTIVO),Los Ríos,Vinces,AUSENTE,-1.614258878,-79.69724877
9/12/2024,LUGAR DE PRODUCCIÓN (CULTIVO),Los Ríos,Vinces,AUSENTE,-1.58372783,-79.79375412
9/12/2024,LUGAR DE PRODUCCIÓN (CULTIVO),Los Ríos,Vinces,AUSENTE,-1.587572037,-79.77841811
9/12/2024,LUGAR DE PRODUCCIÓN (CULTIVO),Los Ríos,Babahoyo,AUSENTE,-1.746541378,-79.5281821
9/12/2024,"URBANA (PARQUE, AVENIDA, JARDÍN)",Los Ríos,Buena Fe,AUSENTE,-0.9646944741,-79.47206725
9/12/2024,LUGAR DE PRODUCCIÓN (CULTIVO),Los Ríos,Valencia,AUSENTE,-0.8589216455,-79.39985946
9/12/2024,LUGAR DE PRODUCCIÓN (CULTIVO),Los Ríos,Babahoyo,AUSENTE,-1.71785465,-79.428568
9/12/2024,"URBANA (PARQUE, AVENIDA, JARDÍN)",Los Ríos,Valencia,AUSENTE,-0.8861960647,-79.35542111
9/12/2024,LUGAR DE PRODUCCIÓN (CULTIVO),Los Ríos,Babahoyo,AUSENTE,-1.716560507,-79.50596959
9/12/2024,"URBANA (PARQUE, AVENIDA, JARDÍN)",Los Ríos,Buena Fe,AUSENTE,-0.9621713342,-79.47240081
9/12/2024,"URBANA (PARQUE, AVENIDA, JARDÍN)",Los Ríos,Valencia,AUSENTE,-0.960636331,-79.39929354
9/12/2024,"URBANA (PARQUE, AVENIDA, JARDÍN)",Los Ríos,Valencia,AUSENTE,-0.9067211973,-79.38717114
9/12/2024,"URBANA (PARQUE, AVENIDA, JARDÍN)",Los Ríos,Buena Fe,AUSENTE,-0.8271996996,-79.47720044
9/12/2024,"URBANA (PARQUE, AVENIDA, JARDÍN)",Los Ríos,Valencia,AUSENTE,-0.9589078985,-79.3970033
9/12/2024,"URBANA (PARQUE, AVENIDA, JARDÍN)",Los Ríos,Valencia,AUSENTE,-0.9091569638,-79.39389032
9/12/2024,LUGAR DE PRODUCCIÓN (CULTIVO),Los Ríos,Babahoyo,AUSENTE,-1.672884365,-79.4916591
9/12/2024,LUGAR DE PRODUCCIÓN (CULTIVO),Los Ríos,Vinces,AUSENTE,-1.61372626,-79.69884897
9/12/2024,"URBANA (PARQUE, AVENIDA, JARDÍN)",Los Ríos,Puebloviejo,AUSENTE,-1.538351637,-79.52759752
9/12/2024,LUGAR DE PRODUCCIÓN (CULTIVO),Los Ríos,Urdaneta,AUSENTE,-1.557829502,-79.47230535
9/12/2024,LUGAR DE PRODUCCIÓN (CULTIVO),Los Ríos,Quinsaloma,AUSENTE,-1.030621313,-79.37279113
9/12/2024,"URBANA (PARQUE, AVENIDA, JARDÍN)",Los Ríos,Buena Fe,AUSENTE,-0.9621713301,-79.47239182
9/12/2024,LUGAR DE PRODUCCIÓN (CULTIVO),Los Ríos,Urdaneta,AUSENTE,-1.576396072,-79.45904522
9/12/2024,LUGAR DE PRODUCCIÓN (CULTIVO),Los Ríos,Vinces,AUSENTE,-1.611301174,-79.79962536
9/12/2024,"URBANA (PARQUE, AVENIDA, JARDÍN)",Los Ríos,Buena Fe,AUSENTE,-0.8275974758,-79.47677802
9/12/2024,"URBANA (PARQUE, AVENIDA, JARDÍN)",Los Ríos,Buena Fe,AUSENTE,-0.958971236,-79.47573559
9/12/2024,"URBANA (PARQUE, AVENIDA, JARDÍN)",Los Ríos,Puebloviejo,AUSENTE,-1.515674988,-79.52362278
9/12/2024,LUGAR DE PRODUCCIÓN (CULTIVO),Los Ríos,Vinces,AUSENTE,-1.604401842,-79.80334155
9/12/2024,LUGAR DE PRODUCCIÓN (CULTIVO),Los Ríos,Valencia,AUSENTE,-0.8949505809,-79.39682543
9/12/2024,LUGAR DE PRODUCCIÓN (CULTIVO),Los Ríos,Babahoyo,AUSENTE,-1.719778902,-79.42605895
9/12/2024,LUGAR DE PRODUCCIÓN (CULTIVO),Los Ríos,Quinsaloma,AUSENTE,-1.096879126,-79.33162472
9/12/2024,"URBANA (PARQUE, AVENIDA, JARDÍN)",Los Ríos,Buena Fe,AUSENTE,-0.9590525722,-79.47560078
9/12/2024,"URBANA (PARQUE, AVENIDA, JARDÍN)",Los Ríos,Buena Fe,AUSENTE,-0.8296127742,-79.47283306
9/12/2024,LUGAR DE PRODUCCIÓN (CULTIVO),Los Ríos,Valencia,AUSENTE,-0.6601998664,-79.23049615
9/12/2024,LUGAR DE PRODUCCIÓN (CULTIVO),Los Ríos,Valencia,AUSENTE,-0.6741444658,-79.23147032
9/12/2024,LUGAR DE PRODUCCIÓN (CULTIVO),Los Ríos,Valencia,AUSENTE,-0.6999484594,-79.24314789
9/12/2024,LUGAR DE PRODUCCIÓN (CULTIVO),Los Ríos,Babahoyo,AUSENTE,-1.669254967,-79.48813881
9/12/2024,"URBANA (PARQUE, AVENIDA, JARDÍN)",Los Ríos,Valencia,AUSENTE,-0.9506080159,-79.34463755
9/12/2024,"URBANA (PARQUE, AVENIDA, JARDÍN)",Los Ríos,Valencia,AUSENTE,-0.9511784148,-79.34600287
9/12/2024,"URBANA (PARQUE, AVENIDA, JARDÍN)",Los Ríos,Valencia,AUSENTE,-0.9515940338,-79.34521207
9/12/2024,LUGAR DE PRODUCCIÓN (CULTIVO),Los Ríos,Vinces,AUSENTE,-1.614485868,-79.80091781
9/12/2024,LUGAR DE PRODUCCIÓN (CULTIVO),Manabí,Chone,AUSENTE,-0.7105644752,-80.12428077
9/12/2024,LUGAR DE PRODUCCIÓN (CULTIVO),Manabí,Chone,AUSENTE,-0.8278218754,-80.16652119
9/12/2024,LUGAR DE PRODUCCIÓN (CULTIVO),Manabí,Portoviejo,AUSENTE,-0.9838771406,-80.45748862
9/12/2024,LUGAR DE PRODUCCIÓN (CULTIVO),Manabí,El Carmen,AUSENTE,-0.4423550722,-79.47396207
9/12/2024,LUGAR DE PRODUCCIÓN (CULTIVO),Manabí,El Carmen,AUSENTE,-0.5363440252,-79.48557505
9/12/2024,LUGAR DE PRODUCCIÓN (CULTIVO),Manabí,El Carmen,AUSENTE,-0.4290985474,-79.62717061
9/12/2024,LUGAR DE PRODUCCIÓN (CULTIVO),Manabí,El Carmen,AUSENTE,-0.443053196,-79.48232587
9/12/2024,LUGAR DE PRODUCCIÓN (CULTIVO),Manabí,El Carmen,AUSENTE,-0.5061415118,-79.586573
9/12/2024,LUGAR DE PRODUCCIÓN (CULTIVO),Manabí,El Carmen,AUSENTE,-0.367659375,-79.57890844
9/12/2024,LUGAR DE PRODUCCIÓN (CULTIVO),Manabí,El Carmen,AUSENTE,-0.5706336405,-79.60527281
9/12/2024,LUGAR DE PRODUCCIÓN (CULTIVO),Manabí,El Carmen,AUSENTE,-0.5737086036,-79.60444549
9/12/2024,LUGAR DE PRODUCCIÓN (CULTIVO),Manabí,El Carmen,AUSENTE,-0.5732289045,-79.60307996
9/12/2024,LUGAR DE PRODUCCIÓN (CULTIVO),Manabí,Portoviejo,AUSENTE,-0.9827282516,-80.45788427
9/12/2024,LUGAR DE PRODUCCIÓN (CULTIVO),Manabí,El Carmen,AUSENTE,-0.5062321207,-79.58731869
9/12/2024,LUGAR DE PRODUCCIÓN (CULTIVO),Manabí,El Carmen,AUSENTE,-0.5730487881,-79.60624256
9/12/2024,LUGAR DE PRODUCCIÓN (CULTIVO),Manabí,Chone,AUSENTE,-0.7179917498,-80.12591489
9/12/2024,LUGAR DE PRODUCCIÓN (CULTIVO),Manabí,El Carmen,AUSENTE,-0.4438833925,-79.47334187
9/12/2024,LUGAR DE PRODUCCIÓN (CULTIVO),Manabí,El Carmen,AUSENTE,-0.4420938204,-79.47893017
9/12/2024,LUGAR DE PRODUCCIÓN (CULTIVO),Manabí,El Carmen,AUSENTE,-0.3670625653,-79.57970813
9/12/2024,LUGAR DE PRODUCCIÓN (CULTIVO),Manabí,Portoviejo,AUSENTE,-0.9913517928,-80.4693242
9/12/2024,LUGAR DE PRODUCCIÓN (CULTIVO),Manabí,El Carmen,AUSENTE,-0.5682999267,-79.60442883
9/12/2024,LUGAR DE PRODUCCIÓN (CULTIVO),Manabí,El Carmen,AUSENTE,-0.5705076819,-79.60800413
9/12/2024,LUGAR DE PRODUCCIÓN (CULTIVO),Manabí,Portoviejo,AUSENTE,-0.9838319047,-80.45747964
9/12/2024,LUGAR DE PRODUCCIÓN (CULTIVO),Manabí,El Carmen,AUSENTE,-0.5055718104,-79.5870493
9/12/2024,LUGAR DE PRODUCCIÓN (CULTIVO),Manabí,El Carmen,AUSENTE,-0.5733288912,-79.60510145
9/12/2024,LUGAR DE PRODUCCIÓN (CULTIVO),Manabí,El Carmen,AUSENTE,-0.4270907755,-79.62800651
9/12/2024,LUGAR DE PRODUCCIÓN (CULTIVO),Manabí,Chone,AUSENTE,-0.8248281828,-80.1695773
9/12/2024,LUGAR DE PRODUCCIÓN (CULTIVO),Manabí,Chone,AUSENTE,-0.7106549718,-80.12446048
9/12/2024,LUGAR DE PRODUCCIÓN (CULTIVO),Manabí,El Carmen,AUSENTE,-0.3694323214,-79.58029172
9/12/2024,LUGAR DE PRODUCCIÓN (CULTIVO),Manabí,El Carmen,AUSENTE,-0.5072177581,-79.58633019
9/12/2024,LUGAR DE PRODUCCIÓN (CULTIVO),Manabí,El Carmen,AUSENTE,-0.4448053694,-79.47085317
9/12/2024,LUGAR DE PRODUCCIÓN (CULTIVO),Manabí,El Carmen,AUSENTE,-0.5719733768,-79.60991749
9/12/2024,LUGAR DE PRODUCCIÓN (CULTIVO),Manabí,El Carmen,AUSENTE,-0.5689517851,-79.60708809
9/12/2024,LUGAR DE PRODUCCIÓN (CULTIVO),Manabí,El Carmen,AUSENTE,-0.4406384786,-79.48262282
9/12/2024,LUGAR DE PRODUCCIÓN (CULTIVO),Manabí,El Carmen,AUSENTE,-0.5377494247,-79.49989522
9/12/2024,LUGAR DE PRODUCCIÓN (CULTIVO),Manabí,El Carmen,AUSENTE,-0.5719556401,-79.611364
9/12/2024,LUGAR DE PRODUCCIÓN (CULTIVO),Manabí,El Carmen,AUSENTE,-0.3753563795,-79.57968883
9/12/2024,LUGAR DE PRODUCCIÓN (CULTIVO),Manabí,El Carmen,AUSENTE,-0.4441569046,-79.4839068
9/12/2024,LUGAR DE PRODUCCIÓN (CULTIVO),Manabí,El Carmen,AUSENTE,-0.5052370523,-79.58654625
9/12/2024,LUGAR DE PRODUCCIÓN (CULTIVO),Manabí,El Carmen,AUSENTE,-0.5692047961,-79.60610871
9/12/2024,LUGAR DE PRODUCCIÓN (CULTIVO),Manabí,El Carmen,AUSENTE,-0.3766679044,-79.58011986
9/12/2024,LUGAR DE PRODUCCIÓN (CULTIVO),Manabí,El Carmen,AUSENTE,-0.5689603818,-79.60524626
9/12/2024,LUGAR DE PRODUCCIÓN (CULTIVO),Manabí,El Carmen,AUSENTE,-0.4450588039,-79.47181439
9/12/2024,LUGAR DE PRODUCCIÓN (CULTIVO),Manabí,El Carmen,AUSENTE,-0.5719721586,-79.60493108
9/12/2024,LUGAR DE PRODUCCIÓN (CULTIVO),Manabí,Portoviejo,AUSENTE,-1.024620154,-80.48718656
9/12/2024,LUGAR DE PRODUCCIÓN (CULTIVO),Manabí,El Carmen,AUSENTE,-0.4469021599,-79.46403405
9/12/2024,LUGAR DE PRODUCCIÓN (CULTIVO),Manabí,El Carmen,AUSENTE,-0.5066214734,-79.58931313
9/12/2024,LUGAR DE PRODUCCIÓN (CULTIVO),Manabí,Portoviejo,AUSENTE,-1.007692411,-80.48119439
9/12/2024,LUGAR DE PRODUCCIÓN (CULTIVO),Manabí,El Carmen,AUSENTE,-0.4286372453,-79.62704491
9/12/2024,LUGAR DE PRODUCCIÓN (CULTIVO),Manabí,El Carmen,AUSENTE,-0.5719648051,-79.61185815
9/12/2024,LUGAR DE PRODUCCIÓN (CULTIVO),Manabí,Chone,AUSENTE,-0.7173769731,-80.12782911
9/12/2024,LUGAR DE PRODUCCIÓN (CULTIVO),Manabí,El Carmen,AUSENTE,-0.5048577221,-79.58901702
9/12/2024,LUGAR DE PRODUCCIÓN (CULTIVO),Manabí,El Carmen,AUSENTE,-0.5213928691,-79.48055665
9/12/2024,LUGAR DE PRODUCCIÓN (CULTIVO),Manabí,El Carmen,AUSENTE,-0.5682817894,-79.60423117
9/12/2024,LUGAR DE PRODUCCIÓN (CULTIVO),Manabí,El Carmen,AUSENTE,-0.3020895732,-79.53291982
9/12/2024,LUGAR DE PRODUCCIÓN (CULTIVO),Manabí,El Carmen,AUSENTE,-0.5680740693,-79.60548905
9/12/2024,LUGAR DE PRODUCCIÓN (CULTIVO),Manabí,El Carmen,AUSENTE,-0.5257499978,-79.50904387
9/12/2024,LUGAR DE PRODUCCIÓN (CULTIVO),Manabí,Chone,AUSENTE,-0.7961111499,-80.15030681
9/12/2024,LUGAR DE PRODUCCIÓN (CULTIVO),Manabí,El Carmen,AUSENTE,-0.536527258,-79.49503515
9/12/2024,LUGAR DE PRODUCCIÓN (CULTIVO),Manabí,El Carmen,AUSENTE,-0.5358950766,-79.49871876
9/12/2024,LUGAR DE PRODUCCIÓN (CULTIVO),Manabí,El Carmen,AUSENTE,-0.5067205475,-79.58741741
9/12/2024,LUGAR DE PRODUCCIÓN (CULTIVO),Manabí,El Carmen,AUSENTE,-0.374036934,-79.58616663
9/12/2024,LUGAR DE PRODUCCIÓN (CULTIVO),Manabí,El Carmen,AUSENTE,-0.4290987324,-79.62819483
9/12/2024,LUGAR DE PRODUCCIÓN (CULTIVO),Manabí,Chone,AUSENTE,-0.7934198049,-80.12836212
9/12/2024,LUGAR DE PRODUCCIÓN (CULTIVO),Manabí,El Carmen,AUSENTE,-0.5697195874,-79.60302691
9/12/2024,LUGAR DE PRODUCCIÓN (CULTIVO),Manabí,El Carmen,AUSENTE,-0.4441180879,-79.47117673
9/12/2024,LUGAR DE PRODUCCIÓN (CULTIVO),Manabí,El Carmen,AUSENTE,-0.5693845864,-79.60158947
9/12/2024,LUGAR DE PRODUCCIÓN (CULTIVO),Manabí,El Carmen,AUSENTE,-0.568308466,-79.60235341
9/12/2024,LUGAR DE PRODUCCIÓN (CULTIVO),Manabí,Portoviejo,AUSENTE,-0.9976175684,-80.44686294
9/12/2024,LUGAR DE PRODUCCIÓN (CULTIVO),Manabí,El Carmen,AUSENTE,-0.5041884533,-79.58914295
9/12/2024,LUGAR DE PRODUCCIÓN (CULTIVO),Manabí,El Carmen,AUSENTE,-0.4242961132,-79.62884256
9/12/2024,LUGAR DE PRODUCCIÓN (CULTIVO),Manabí,El Carmen,AUSENTE,-0.5047298281,-79.58321317
9/12/2024,LUGAR DE PRODUCCIÓN (CULTIVO),Manabí,El Carmen,AUSENTE,-0.4356087831,-79.47687419
9/12/2024,LUGAR DE PRODUCCIÓN (CULTIVO),Manabí,El Carmen,AUSENTE,-0.5271102117,-79.48654757
9/12/2024,LUGAR DE PRODUCCIÓN (CULTIVO),Manabí,El Carmen,AUSENTE,-0.4283935082,-79.62965043
9/12/2024,LUGAR DE PRODUCCIÓN (CULTIVO),Manabí,El Carmen,AUSENTE,-0.4319663357,-79.63058417
9/12/2024,LUGAR DE PRODUCCIÓN (CULTIVO),Manabí,El Carmen,AUSENTE,-0.424621541,-79.62782726
9/12/2024,LUGAR DE PRODUCCIÓN (CULTIVO),Manabí,El Carmen,AUSENTE,-0.3920585761,-79.6154344
9/12/2024,LUGAR DE PRODUCCIÓN (CULTIVO),Pastaza,Pastaza,AUSENTE,-1.495418922,-77.9718836
9/12/2024,LUGAR DE PRODUCCIÓN (CULTIVO),Pastaza,Pastaza,AUSENTE,-1.477351139,-77.95327332
9/12/2024,LUGAR DE PRODUCCIÓN (CULTIVO),Pastaza,Pastaza,AUSENTE,-1.477302118,-77.93525122
9/12/2024,LUGAR DE PRODUCCIÓN (CULTIVO),Pastaza,Pastaza,AUSENTE,-1.477302118,-77.93525122
9/12/2024,LUGAR DE PRODUCCIÓN (CULTIVO),Pastaza,Pastaza,AUSENTE,-1.459187778,-77.89862901
9/12/2024,LUGAR DE PRODUCCIÓN (CULTIVO),Santa Elena,Santa Elena,AUSENTE,-1.88375199,-80.7193982
9/12/2024,LUGAR DE PRODUCCIÓN (CULTIVO),Santa Elena,Santa Elena,AUSENTE,-2.203114789,-80.544551
9/12/2024,LUGAR DE PRODUCCIÓN (CULTIVO),Santa Elena,Santa Elena,AUSENTE,-2.202551389,-80.5439
9/12/2024,LUGAR DE PRODUCCIÓN (CULTIVO),Santa Elena,Santa Elena,AUSENTE,-2.201717589,-80.5435043
9/12/2024,LUGAR DE PRODUCCIÓN (CULTIVO),Santa Elena,Santa Elena,AUSENTE,-2.200177589,-80.5442305
9/12/2024,LUGAR DE PRODUCCIÓN (CULTIVO),Santa Elena,Santa Elena,AUSENTE,-2.200033289,-80.5436509
9/12/2024,LUGAR DE PRODUCCIÓN (CULTIVO),Santo Domingo de los Tsáchilas,La Concordia,AUSENTE,-0.09557999948,-79.542981
9/12/2024,LUGAR DE PRODUCCIÓN (CULTIVO),Santo Domingo de los Tsáchilas,La Concordia,AUSENTE,-0.09729899947,-79.544572
9/12/2024,LUGAR DE PRODUCCIÓN (CULTIVO),Santo Domingo de los Tsáchilas,Santo Domingo,AUSENTE,-0.174957799,-79.26836738
9/12/2024,LUGAR DE PRODUCCIÓN (CULTIVO),Santo Domingo de los Tsáchilas,Santo Domingo,AUSENTE,-0.175780799,-79.2683852
9/12/2024,LUGAR DE PRODUCCIÓN (CULTIVO),Santo Domingo de los Tsáchilas,Santo Domingo,AUSENTE,-0.175437159,-79.26809786
9/12/2024,LUGAR DE PRODUCCIÓN (CULTIVO),Santo Domingo de los Tsáchilas,Santo Domingo,AUSENTE,-0.176133506,-79.2683493
9/12/2024,LUGAR DE PRODUCCIÓN (CULTIVO),Santo Domingo de los Tsáchilas,Santo Domingo,AUSENTE,-0.3591309979,-79.274504
9/12/2024,LUGAR DE PRODUCCIÓN (CULTIVO),Santo Domingo de los Tsáchilas,Santo Domingo,AUSENTE,-0.332775998,-79.158158
9/12/2024,LUGAR DE PRODUCCIÓN (CULTIVO),Santo Domingo de los Tsáchilas,Santo Domingo,AUSENTE,-0.333128998,-79.1572508
9/12/2024,LUGAR DE PRODUCCIÓN (CULTIVO),Santo Domingo de los Tsáchilas,Santo Domingo,AUSENTE,-0.334367998,-79.1562984
9/12/2024,LUGAR DE PRODUCCIÓN (CULTIVO),Santo Domingo de los Tsáchilas,Santo Domingo,AUSENTE,-0.175301529,-79.26834939
9/12/2024,LUGAR DE PRODUCCIÓN (CULTIVO),Santo Domingo de los Tsáchilas,Santo Domingo,AUSENTE,-0.3595599979,-79.276552
9/12/2024,LUGAR DE PRODUCCIÓN (CULTIVO),Santo Domingo de los Tsáchilas,Santo Domingo,AUSENTE,-0.3650959979,-79.275471
9/12/2024,LUGAR DE PRODUCCIÓN (CULTIVO),Santo Domingo de los Tsáchilas,Santo Domingo,AUSENTE,-0.2222111987,-79.37199848
9/12/2024,LUGAR DE PRODUCCIÓN (CULTIVO),Santo Domingo de los Tsáchilas,Santo Domingo,AUSENTE,-0.2222111987,-79.37199848
9/12/2024,LUGAR DE PRODUCCIÓN (CULTIVO),Santo Domingo de los Tsáchilas,Santo Domingo,AUSENTE,-0.2222111987,-79.37199848
9/12/2024,LUGAR DE PRODUCCIÓN (CULTIVO),Santo Domingo de los Tsáchilas,Santo Domingo,AUSENTE,-0.2199052988,-79.3744691
9/12/2024,LUGAR DE PRODUCCIÓN (CULTIVO),Santo Domingo de los Tsáchilas,Santo Domingo,AUSENTE,-0.2199052988,-79.3744691
9/12/2024,LUGAR DE PRODUCCIÓN (CULTIVO),Santo Domingo de los Tsáchilas,Santo Domingo,AUSENTE,-0.2199052988,-79.3744691
9/12/2024,LUGAR DE PRODUCCIÓN (CULTIVO),Santo Domingo de los Tsáchilas,Santo Domingo,AUSENTE,-0.3757230979,-79.4004531
9/12/2024,LUGAR DE PRODUCCIÓN (CULTIVO),Santo Domingo de los Tsáchilas,Santo Domingo,AUSENTE,-0.3757594979,-79.4013335
9/12/2024,LUGAR DE PRODUCCIÓN (CULTIVO),Santo Domingo de los Tsáchilas,Santo Domingo,AUSENTE,-0.3759767979,-79.4025552
9/12/2024,LUGAR DE PRODUCCIÓN (CULTIVO),Santo Domingo de los Tsáchilas,Santo Domingo,AUSENTE,-0.3765919979,-79.4038487
9/12/2024,LUGAR DE PRODUCCIÓN (CULTIVO),Santo Domingo de los Tsáchilas,Santo Domingo,AUSENTE,-0.3766643979,-79.4040463
9/12/2024,LUGAR DE PRODUCCIÓN (CULTIVO),Santo Domingo de los Tsáchilas,Santo Domingo,AUSENTE,-0.3760219979,-79.4025282
9/12/2024,LUGAR DE PRODUCCIÓN (CULTIVO),Santo Domingo de los Tsáchilas,Santo Domingo,AUSENTE,-0.2546042985,-79.1751748
9/12/2024,LUGAR DE PRODUCCIÓN (CULTIVO),Santo Domingo de los Tsáchilas,Santo Domingo,AUSENTE,-0.2546251985,-79.1751925
9/12/2024,LUGAR DE PRODUCCIÓN (CULTIVO),Santo Domingo de los Tsáchilas,Santo Domingo,AUSENTE,-0.2545964985,-79.1751772
9/12/2024,LUGAR DE PRODUCCIÓN (CULTIVO),Santo Domingo de los Tsáchilas,Santo Domingo,AUSENTE,-0.2546052985,-79.175178
9/11/2024,LUGAR DE PRODUCCIÓN (CULTIVO),Bolívar,Caluma,AUSENTE,-1.628482724,-79.27364707
9/11/2024,LUGAR DE PRODUCCIÓN (CULTIVO),Bolívar,Caluma,AUSENTE,-1.626021668,-79.27210353
9/11/2024,LUGAR DE PRODUCCIÓN (CULTIVO),Bolívar,Caluma,AUSENTE,-1.61988293,-79.27388802
9/11/2024,LUGAR DE PRODUCCIÓN (CULTIVO),Bolívar,Caluma,AUSENTE,-1.62095215,-79.27637629
9/11/2024,LUGAR DE PRODUCCIÓN (CULTIVO),Bolívar,Caluma,AUSENTE,-1.619271567,-79.27805814
9/11/2024,LUGAR DE PRODUCCIÓN (CULTIVO),Bolívar,Echeandía,AUSENTE,-1.401390306,-79.25943245
9/11/2024,LUGAR DE PRODUCCIÓN (CULTIVO),Bolívar,Echeandía,AUSENTE,-1.401200274,-79.25926187
9/11/2024,LUGAR DE PRODUCCIÓN (CULTIVO),Bolívar,Caluma,AUSENTE,-1.611947038,-79.27854058
9/11/2024,LUGAR DE PRODUCCIÓN (CULTIVO),Bolívar,Echeandía,AUSENTE,-1.402176614,-79.25884783
9/11/2024,LUGAR DE PRODUCCIÓN (CULTIVO),Bolívar,Caluma,AUSENTE,-1.610156514,-79.27856005
9/11/2024,LUGAR DE PRODUCCIÓN (CULTIVO),Bolívar,Caluma,AUSENTE,-1.612124726,-79.28545083
9/11/2024,LUGAR DE PRODUCCIÓN (CULTIVO),Bolívar,Caluma,AUSENTE,-1.614732933,-79.30061749
9/11/2024,LUGAR DE PRODUCCIÓN (CULTIVO),Cotopaxi,La Maná,AUSENTE,-0.9505528051,-79.21646424
9/11/2024,LUGAR DE PRODUCCIÓN (CULTIVO),Cotopaxi,La Maná,AUSENTE,-0.9496844136,-79.21593465
9/11/2024,LUGAR DE PRODUCCIÓN (CULTIVO),Guayas,Simón Bolívar,AUSENTE,-2.054957524,-79.47010108
9/11/2024,LUGAR DE PRODUCCIÓN (CULTIVO),Guayas,Simón Bolívar,AUSENTE,-2.060962794,-79.47018525
9/11/2024,LUGAR DE PRODUCCIÓN (CULTIVO),Guayas,Simón Bolívar,AUSENTE,-2.061095679,-79.46731753
9/11/2024,LUGAR DE PRODUCCIÓN (CULTIVO),Guayas,Simón Bolívar,AUSENTE,-2.020378475,-79.50446329
9/11/2024,LUGAR DE PRODUCCIÓN (CULTIVO),Los Ríos,Babahoyo,AUSENTE,-1.715234685,-79.52223838
9/10/2024,LUGAR DE PRODUCCIÓN (CULTIVO),Azuay,Pucará,AUSENTE,-3.308860051,-79.56368453
9/10/2024,LUGAR DE PRODUCCIÓN (CULTIVO),Azuay,Pucará,AUSENTE,-3.308751194,-79.56345972
9/10/2024,LUGAR DE PRODUCCIÓN (CULTIVO),Azuay,Pucará,AUSENTE,-3.308678474,-79.56320785
9/10/2024,LUGAR DE PRODUCCIÓN (CULTIVO),Azuay,Pucará,AUSENTE,-3.308561254,-79.56345099
9/10/2024,"URBANA (PARQUE, AVENIDA, JARDÍN)",Azuay,Pucará,AUSENTE,-3.309443636,-79.56695927
9/10/2024,"URBANA (PARQUE, AVENIDA, JARDÍN)",Azuay,Pucará,AUSENTE,-3.309398664,-79.56713031
9/10/2024,LUGAR DE PRODUCCIÓN (CULTIVO),Bolívar,Guaranda,AUSENTE,-1.201262317,-79.21020927
9/10/2024,LUGAR DE PRODUCCIÓN (CULTIVO),Bolívar,Las Naves,AUSENTE,-1.265811845,-79.29278957
9/10/2024,LUGAR DE PRODUCCIÓN (CULTIVO),Bolívar,Guaranda,AUSENTE,-1.195333158,-79.21469628
9/10/2024,LUGAR DE PRODUCCIÓN (CULTIVO),Bolívar,Guaranda,AUSENTE,-1.20303401,-79.22288501
9/10/2024,LUGAR DE PRODUCCIÓN (CULTIVO),Bolívar,Guaranda,AUSENTE,-1.199614245,-79.22051535
9/10/2024,LUGAR DE PRODUCCIÓN (CULTIVO),Bolívar,Guaranda,AUSENTE,-1.206101834,-79.22635998
9/10/2024,LUGAR DE PRODUCCIÓN (CULTIVO),Bolívar,Guaranda,AUSENTE,-1.209519362,-79.22530659
9/10/2024,LUGAR DE PRODUCCIÓN (CULTIVO),Bolívar,Guaranda,AUSENTE,-1.230856001,-79.25922726
9/10/2024,LUGAR DE PRODUCCIÓN (CULTIVO),Bolívar,Guaranda,AUSENTE,-1.228604981,-79.24656044
9/10/2024,LUGAR DE PRODUCCIÓN (CULTIVO),Bolívar,Guaranda,AUSENTE,-1.232595056,-79.23612676
9/10/2024,LUGAR DE PRODUCCIÓN (CULTIVO),Cañar,La Troncal,AUSENTE,-2.380630902,-79.39975281
9/10/2024,LUGAR DE PRODUCCIÓN (CULTIVO),Cañar,La Troncal,AUSENTE,-2.377554011,-79.39798515
9/10/2024,"URBANA (PARQUE, AVENIDA, JARDÍN)",Cañar,La Troncal,AUSENTE,-2.440573573,-79.32716
9/10/2024,LUGAR DE PRODUCCIÓN (CULTIVO),Cañar,La Troncal,AUSENTE,-2.364842627,-79.40920238
9/10/2024,"URBANA (PARQUE, AVENIDA, JARDÍN)",Cañar,La Troncal,AUSENTE,-2.444403622,-79.32372968
9/10/2024,"URBANA (PARQUE, AVENIDA, JARDÍN)",Cañar,La Troncal,AUSENTE,-2.448558718,-79.31991232
9/10/2024,LUGAR DE PRODUCCIÓN (CULTIVO),Cañar,La Troncal,AUSENTE,-2.363241435,-79.40879961
9/10/2024,"URBANA (PARQUE, AVENIDA, JARDÍN)",Cañar,La Troncal,AUSENTE,-2.453481617,-79.31542864
9/10/2024,"URBANA (PARQUE, AVENIDA, JARDÍN)",Cañar,La Troncal,AUSENTE,-2.455400316,-79.32379692
9/10/2024,LUGAR DE PRODUCCIÓN (CULTIVO),Cotopaxi,La Maná,AUSENTE,-0.9848980288,-79.26826492
9/10/2024,LUGAR DE PRODUCCIÓN (CULTIVO),Cotopaxi,La Maná,AUSENTE,-0.8662696711,-79.17150835
9/10/2024,LUGAR DE PRODUCCIÓN (CULTIVO),Cotopaxi,La Maná,AUSENTE,-0.9840163473,-79.29446271
9/10/2024,LUGAR DE PRODUCCIÓN (CULTIVO),Cotopaxi,La Maná,AUSENTE,-0.9317783924,-79.23153027
9/10/2024,LUGAR DE PRODUCCIÓN (CULTIVO),Cotopaxi,La Maná,AUSENTE,-0.8665511889,-79.1739696
9/10/2024,LUGAR DE PRODUCCIÓN (CULTIVO),Cotopaxi,La Maná,AUSENTE,-0.9327014776,-79.23292227
9/10/2024,LUGAR DE PRODUCCIÓN (CULTIVO),Cotopaxi,La Maná,AUSENTE,-0.8461280737,-79.18301632
9/10/2024,LUGAR DE PRODUCCIÓN (CULTIVO),Cotopaxi,La Maná,AUSENTE,-0.9840617346,-79.29479509
9/10/2024,LUGAR DE PRODUCCIÓN (CULTIVO),Cotopaxi,La Maná,AUSENTE,-0.9301000354,-79.23874496
9/10/2024,LUGAR DE PRODUCCIÓN (CULTIVO),Cotopaxi,La Maná,AUSENTE,-0.9887956246,-79.30306703
9/10/2024,LUGAR DE PRODUCCIÓN (CULTIVO),Cotopaxi,La Maná,AUSENTE,-0.9458226973,-79.21514608
9/10/2024,LUGAR DE PRODUCCIÓN (CULTIVO),Cotopaxi,La Maná,AUSENTE,-0.8462837509,-79.1871575
9/10/2024,LUGAR DE PRODUCCIÓN (CULTIVO),Cotopaxi,La Maná,AUSENTE,-0.9782278174,-79.31055613
9/10/2024,LUGAR DE PRODUCCIÓN (CULTIVO),El Oro,Arenillas,AUSENTE,-3.577774712,-80.04436767
9/10/2024,LUGAR DE PRODUCCIÓN (CULTIVO),El Oro,El Guabo,AUSENTE,-3.105649034,-79.78867987
9/10/2024,LUGAR DE PRODUCCIÓN (CULTIVO),El Oro,Machala,AUSENTE,-3.354891152,-79.95910264
9/10/2024,LUGAR DE PRODUCCIÓN (CULTIVO),El Oro,Arenillas,AUSENTE,-3.57204388,-80.04834387
9/10/2024,LUGAR DE PRODUCCIÓN (CULTIVO),El Oro,El Guabo,AUSENTE,-3.211545643,-79.88960621
9/10/2024,LUGAR DE PRODUCCIÓN (CULTIVO),El Oro,Machala,AUSENTE,-3.381594606,-79.9517656
9/10/2024,LUGAR DE PRODUCCIÓN (CULTIVO),El Oro,Pasaje,AUSENTE,-3.303727374,-79.85076981
9/10/2024,LUGAR DE PRODUCCIÓN (CULTIVO),El Oro,Pasaje,AUSENTE,-3.304397805,-79.85170501
9/10/2024,LUGAR DE PRODUCCIÓN (CULTIVO),El Oro,El Guabo,AUSENTE,-3.21134801,-79.8908573
9/10/2024,LUGAR DE PRODUCCIÓN (CULTIVO),El Oro,El Guabo,AUSENTE,-3.106852114,-79.78875948
9/10/2024,LUGAR DE PRODUCCIÓN (CULTIVO),El Oro,Pasaje,AUSENTE,-3.306267598,-79.86514863
9/10/2024,LUGAR DE PRODUCCIÓN (CULTIVO),El Oro,Machala,AUSENTE,-3.398785242,-79.92284511
9/10/2024,LUGAR DE PRODUCCIÓN (CULTIVO),El Oro,El Guabo,AUSENTE,-3.215435661,-79.89008796
9/10/2024,LUGAR DE PRODUCCIÓN (CULTIVO),El Oro,Arenillas,AUSENTE,-3.578608431,-80.04581628
9/10/2024,LUGAR DE PRODUCCIÓN (CULTIVO),El Oro,Machala,AUSENTE,-3.273699894,-79.8849306
9/10/2024,LUGAR DE PRODUCCIÓN (CULTIVO),El Oro,Pasaje,AUSENTE,-3.319116873,-79.7786545
9/10/2024,LUGAR DE PRODUCCIÓN (CULTIVO),El Oro,Pasaje,AUSENTE,-3.306474149,-79.86385241
9/10/2024,LUGAR DE PRODUCCIÓN (CULTIVO),El Oro,El Guabo,AUSENTE,-3.176686788,-79.79483393
9/10/2024,LUGAR DE PRODUCCIÓN (CULTIVO),El Oro,Machala,AUSENTE,-3.27360116,-79.88561468
9/10/2024,LUGAR DE PRODUCCIÓN (CULTIVO),El Oro,Machala,AUSENTE,-3.272118906,-79.88666927
9/10/2024,LUGAR DE PRODUCCIÓN (CULTIVO),El Oro,Machala,AUSENTE,-3.406792144,-79.91634654
9/10/2024,LUGAR DE PRODUCCIÓN (CULTIVO),El Oro,El Guabo,AUSENTE,-3.179545584,-79.79531654
9/10/2024,LUGAR DE PRODUCCIÓN (CULTIVO),El Oro,El Guabo,AUSENTE,-3.070218771,-79.81195183
9/10/2024,LUGAR DE PRODUCCIÓN (CULTIVO),El Oro,Machala,AUSENTE,-3.406746877,-79.91631058
9/10/2024,LUGAR DE PRODUCCIÓN (CULTIVO),El Oro,Machala,AUSENTE,-3.410056777,-79.91568581
9/10/2024,LUGAR DE PRODUCCIÓN (CULTIVO),El Oro,El Guabo,AUSENTE,-3.181592491,-79.79764478
9/10/2024,LUGAR DE PRODUCCIÓN (CULTIVO),El Oro,Santa Rosa,AUSENTE,-3.434667536,-79.91419995
9/10/2024,LUGAR DE PRODUCCIÓN (CULTIVO),El Oro,Machala,AUSENTE,-3.341573358,-79.96498501
9/10/2024,LUGAR DE PRODUCCIÓN (CULTIVO),El Oro,El Guabo,AUSENTE,-3.075306431,-79.80772629
9/10/2024,LUGAR DE PRODUCCIÓN (CULTIVO),El Oro,Pasaje,AUSENTE,-3.319552894,-79.78015692
9/10/2024,LUGAR DE PRODUCCIÓN (CULTIVO),El Oro,Machala,AUSENTE,-3.340120613,-79.96837971
9/10/2024,LUGAR DE PRODUCCIÓN (CULTIVO),El Oro,Santa Rosa,AUSENTE,-3.42022082,-79.90516118
9/10/2024,LUGAR DE PRODUCCIÓN (CULTIVO),El Oro,Santa Rosa,AUSENTE,-3.42022082,-79.90516118
9/10/2024,LUGAR DE PRODUCCIÓN (CULTIVO),El Oro,Pasaje,AUSENTE,-3.319244361,-79.77934732
9/10/2024,LUGAR DE PRODUCCIÓN (CULTIVO),El Oro,Arenillas,AUSENTE,-3.675850295,-80.0720508
9/10/2024,LUGAR DE PRODUCCIÓN (CULTIVO),El Oro,Machala,AUSENTE,-3.283557841,-79.86764026
9/10/2024,LUGAR DE PRODUCCIÓN (CULTIVO),El Oro,Arenillas,AUSENTE,-3.674422355,-80.10870757
9/10/2024,LUGAR DE PRODUCCIÓN (CULTIVO),El Oro,Machala,AUSENTE,-3.283350589,-79.86833347
9/10/2024,LUGAR DE PRODUCCIÓN (CULTIVO),El Oro,Arenillas,AUSENTE,-3.671043052,-80.10352462
9/10/2024,LUGAR DE PRODUCCIÓN (CULTIVO),El Oro,Machala,AUSENTE,-3.28914712,-79.86703998
9/10/2024,LUGAR DE PRODUCCIÓN (CULTIVO),El Oro,Machala,AUSENTE,-3.341210864,-79.8742979
9/10/2024,LUGAR DE PRODUCCIÓN (CULTIVO),El Oro,Machala,AUSENTE,-3.343989982,-79.87622978
9/10/2024,LUGAR DE PRODUCCIÓN (CULTIVO),El Oro,Machala,AUSENTE,-3.336526519,-79.88315941
9/10/2024,LUGAR DE PRODUCCIÓN (CULTIVO),Esmeraldas,Rioverde,AUSENTE,1.052073772,-79.22629164
9/10/2024,LUGAR DE PRODUCCIÓN (CULTIVO),Esmeraldas,Muisne,AUSENTE,0.5651138105,-79.88425845
9/10/2024,LUGAR DE PRODUCCIÓN (CULTIVO),Esmeraldas,Quinindé,AUSENTE,0.1389443574,-79.47564679
9/10/2024,LUGAR DE PRODUCCIÓN (CULTIVO),Esmeraldas,Muisne,AUSENTE,0.5648337169,-79.88591183
9/10/2024,LUGAR DE PRODUCCIÓN (CULTIVO),Esmeraldas,Muisne,AUSENTE,0.5652405302,-79.88468074
9/10/2024,LUGAR DE PRODUCCIÓN (CULTIVO),Esmeraldas,Muisne,AUSENTE,0.5659104156,-79.88733133
9/10/2024,LUGAR DE PRODUCCIÓN (CULTIVO),Esmeraldas,Muisne,AUSENTE,0.5659923424,-79.89000899
9/10/2024,LUGAR DE PRODUCCIÓN (CULTIVO),Guayas,Guayaquil,AUSENTE,-2.965314079,-79.79579962
9/10/2024,LUGAR DE PRODUCCIÓN (CULTIVO),Guayas,Guayaquil,AUSENTE,-2.965314079,-79.79579962
9/10/2024,LUGAR DE PRODUCCIÓN (CULTIVO),Guayas,El Triunfo,AUSENTE,-2.345431368,-79.33655344
9/10/2024,LUGAR DE PRODUCCIÓN (CULTIVO),Guayas,El Triunfo,AUSENTE,-2.340937737,-79.33731394
9/10/2024,LUGAR DE PRODUCCIÓN (CULTIVO),Guayas,El Triunfo,AUSENTE,-2.342698684,-79.3352171
9/10/2024,LUGAR DE PRODUCCIÓN (CULTIVO),Guayas,General Antonio Elizalde (Bucay),AUSENTE,-2.163794544,-79.1345829
9/10/2024,LUGAR DE PRODUCCIÓN (CULTIVO),Guayas,El Triunfo,AUSENTE,-2.343941828,-79.33873987
9/10/2024,LUGAR DE PRODUCCIÓN (CULTIVO),Guayas,Milagro,AUSENTE,-2.224758021,-79.51443501
9/10/2024,LUGAR DE PRODUCCIÓN (CULTIVO),Guayas,El Triunfo,AUSENTE,-2.34708257,-79.34100176
9/10/2024,LUGAR DE PRODUCCIÓN (CULTIVO),Guayas,General Antonio Elizalde (Bucay),AUSENTE,-2.163638099,-79.13238095
9/10/2024,LUGAR DE PRODUCCIÓN (CULTIVO),Guayas,Milagro,AUSENTE,-2.214756569,-79.51577557
9/10/2024,LUGAR DE PRODUCCIÓN (CULTIVO),Guayas,Naranjito,AUSENTE,-2.151456237,-79.42565172
9/10/2024,LUGAR DE PRODUCCIÓN (CULTIVO),Guayas,El Triunfo,AUSENTE,-2.350671132,-79.34720097
9/10/2024,LUGAR DE PRODUCCIÓN (CULTIVO),Guayas,Milagro,AUSENTE,-2.210084588,-79.51060177
9/10/2024,"URBANA (PARQUE, AVENIDA, JARDÍN)",Guayas,El Empalme,AUSENTE,-0.9085732845,-79.57507609
9/10/2024,LUGAR DE PRODUCCIÓN (CULTIVO),Guayas,Naranjito,AUSENTE,-2.157561928,-79.45306413
9/10/2024,"URBANA (PARQUE, AVENIDA, JARDÍN)",Guayas,El Empalme,AUSENTE,-0.9664665218,-79.57402837
9/10/2024,"URBANA (PARQUE, AVENIDA, JARDÍN)",Guayas,El Empalme,AUSENTE,-0.9838699809,-79.62127503
9/10/2024,LUGAR DE PRODUCCIÓN (CULTIVO),Guayas,Naranjito,AUSENTE,-2.126232086,-79.42457173
9/10/2024,LUGAR DE PRODUCCIÓN (CULTIVO),Guayas,Naranjito,AUSENTE,-2.127754846,-79.4190956
9/10/2024,LUGAR DE PRODUCCIÓN (CULTIVO),Guayas,Daule,AUSENTE,-1.905018413,-79.99719993
9/10/2024,LUGAR DE PRODUCCIÓN (CULTIVO),Imbabura,Cotacachi,AUSENTE,0.3991995274,-78.52573759
9/10/2024,LUGAR DE PRODUCCIÓN (CULTIVO),Imbabura,Cotacachi,AUSENTE,0.3991905158,-78.52582738
9/10/2024,LUGAR DE PRODUCCIÓN (CULTIVO),Loja,Puyango,AUSENTE,-3.943876247,-79.99528805
9/10/2024,LUGAR DE PRODUCCIÓN (CULTIVO),Loja,Puyango,AUSENTE,-3.944682048,-79.99590854
9/10/2024,LUGAR DE PRODUCCIÓN (CULTIVO),Loja,Puyango,AUSENTE,-3.931853045,-79.97166068
9/10/2024,LUGAR DE PRODUCCIÓN (CULTIVO),Loja,Puyango,AUSENTE,-3.937816806,-79.98129026
9/10/2024,LUGAR DE PRODUCCIÓN (CULTIVO),Loja,Puyango,AUSENTE,-3.938978165,-79.98417992
9/10/2024,LUGAR DE PRODUCCIÓN (CULTIVO),Loja,Gonzanamá,AUSENTE,-4.141640536,-79.4263274
9/10/2024,LUGAR DE PRODUCCIÓN (CULTIVO),Loja,Puyango,AUSENTE,-3.939153241,-79.9868096
9/10/2024,LUGAR DE PRODUCCIÓN (CULTIVO),Loja,Puyango,AUSENTE,-3.940285473,-79.98807815
9/10/2024,LUGAR DE PRODUCCIÓN (CULTIVO),Loja,Puyango,AUSENTE,-3.942164927,-79.99386707
9/10/2024,LUGAR DE PRODUCCIÓN (CULTIVO),Los Ríos,Urdaneta,AUSENTE,-1.627259342,-79.47095108
9/10/2024,LUGAR DE PRODUCCIÓN (CULTIVO),Los Ríos,Baba,AUSENTE,-1.709468363,-79.74217365
9/10/2024,LUGAR DE PRODUCCIÓN (CULTIVO),Los Ríos,Puebloviejo,AUSENTE,-1.548463581,-79.52828257
9/10/2024,LUGAR DE PRODUCCIÓN (CULTIVO),Los Ríos,Babahoyo,AUSENTE,-1.903717534,-79.47263067
9/10/2024,LUGAR DE PRODUCCIÓN (CULTIVO),Los Ríos,Baba,AUSENTE,-1.709206554,-79.74292886
9/10/2024,LUGAR DE PRODUCCIÓN (CULTIVO),Los Ríos,Valencia,AUSENTE,-0.9975850267,-79.39113601
9/10/2024,LUGAR DE PRODUCCIÓN (CULTIVO),Los Ríos,Valencia,AUSENTE,-0.8336125051,-79.28207294
9/10/2024,LUGAR DE PRODUCCIÓN (CULTIVO),Los Ríos,Babahoyo,AUSENTE,-1.756507616,-79.49371475
9/10/2024,LUGAR DE PRODUCCIÓN (CULTIVO),Los Ríos,Urdaneta,AUSENTE,-1.667703409,-79.49335268
9/10/2024,LUGAR DE PRODUCCIÓN (CULTIVO),Los Ríos,Valencia,AUSENTE,-0.8929846436,-79.40961995
9/10/2024,LUGAR DE PRODUCCIÓN (CULTIVO),Los Ríos,Valencia,AUSENTE,-0.8355296873,-79.28212601
9/10/2024,"URBANA (PARQUE, AVENIDA, JARDÍN)",Los Ríos,Babahoyo,AUSENTE,-1.666647852,-79.46181692
9/10/2024,LUGAR DE PRODUCCIÓN (CULTIVO),Los Ríos,Valencia,AUSENTE,-0.83127932,-79.28198412
9/10/2024,LUGAR DE PRODUCCIÓN (CULTIVO),Los Ríos,Baba,AUSENTE,-1.707933765,-79.70613086
9/10/2024,LUGAR DE PRODUCCIÓN (CULTIVO),Los Ríos,Buena Fe,AUSENTE,-0.9745085096,-79.47478525
9/10/2024,"URBANA (PARQUE, AVENIDA, JARDÍN)",Los Ríos,Valencia,AUSENTE,-0.9098600029,-79.40884896
9/10/2024,LUGAR DE PRODUCCIÓN (CULTIVO),Los Ríos,Valencia,AUSENTE,-0.8057134295,-79.43623091
9/10/2024,LUGAR DE PRODUCCIÓN (CULTIVO),Los Ríos,Babahoyo,AUSENTE,-1.905920489,-79.46840415
9/10/2024,"URBANA (PARQUE, AVENIDA, JARDÍN)",Los Ríos,Babahoyo,AUSENTE,-1.660836559,-79.46689922
9/10/2024,LUGAR DE PRODUCCIÓN (CULTIVO),Los Ríos,Valencia,AUSENTE,-0.9981010702,-79.39225882
9/10/2024,LUGAR DE PRODUCCIÓN (CULTIVO),Los Ríos,Urdaneta,AUSENTE,-1.66770873,-79.48852645
9/10/2024,LUGAR DE PRODUCCIÓN (CULTIVO),Los Ríos,Puebloviejo,AUSENTE,-1.548465739,-79.5313741
9/10/2024,"URBANA (PARQUE, AVENIDA, JARDÍN)",Los Ríos,Buena Fe,AUSENTE,-0.6263442141,-79.43163804
9/10/2024,LUGAR DE PRODUCCIÓN (CULTIVO),Los Ríos,Valencia,AUSENTE,-0.8845250957,-79.40127715
9/10/2024,LUGAR DE PRODUCCIÓN (CULTIVO),Los Ríos,Baba,AUSENTE,-1.709867026,-79.74320707
9/10/2024,LUGAR DE PRODUCCIÓN (CULTIVO),Los Ríos,Babahoyo,AUSENTE,-1.758993095,-79.49169049
9/10/2024,LUGAR DE PRODUCCIÓN (CULTIVO),Los Ríos,Vinces,AUSENTE,-1.668041134,-79.79823428
9/10/2024,"URBANA (PARQUE, AVENIDA, JARDÍN)",Los Ríos,Quinsaloma,AUSENTE,-0.9790992354,-79.35316784
9/10/2024,LUGAR DE PRODUCCIÓN (CULTIVO),Los Ríos,Baba,AUSENTE,-1.706757617,-79.70567324
9/10/2024,"URBANA (PARQUE, AVENIDA, JARDÍN)",Los Ríos,Quinsaloma,AUSENTE,-0.9797396612,-79.34980739
9/10/2024,"URBANA (PARQUE, AVENIDA, JARDÍN)",Los Ríos,Quinsaloma,AUSENTE,-0.9819983164,-79.34534109
9/10/2024,"URBANA (PARQUE, AVENIDA, JARDÍN)",Los Ríos,Babahoyo,AUSENTE,-1.650825057,-79.46714059
9/10/2024,"URBANA (PARQUE, AVENIDA, JARDÍN)",Los Ríos,Quinsaloma,AUSENTE,-1.0124762,-79.34791337
9/10/2024,"URBANA (PARQUE, AVENIDA, JARDÍN)",Los Ríos,Quinsaloma,AUSENTE,-1.020315556,-79.34528594
9/10/2024,LUGAR DE PRODUCCIÓN (CULTIVO),Los Ríos,Valencia,AUSENTE,-0.8863796843,-79.40270486
9/10/2024,"URBANA (PARQUE, AVENIDA, JARDÍN)",Los Ríos,Buena Fe,AUSENTE,-0.6209179038,-79.4317205
9/10/2024,LUGAR DE PRODUCCIÓN (CULTIVO),Los Ríos,Buena Fe,AUSENTE,-0.9604298953,-79.48145827
9/10/2024,LUGAR DE PRODUCCIÓN (CULTIVO),Los Ríos,Valencia,AUSENTE,-0.912509762,-79.40869506
9/10/2024,LUGAR DE PRODUCCIÓN (CULTIVO),Los Ríos,Vinces,AUSENTE,-1.668420558,-79.79746104
9/10/2024,LUGAR DE PRODUCCIÓN (CULTIVO),Los Ríos,Puebloviejo,AUSENTE,-1.59969078,-79.55439968
9/10/2024,LUGAR DE PRODUCCIÓN (CULTIVO),Los Ríos,Urdaneta,AUSENTE,-1.64056293,-79.47077026
9/10/2024,LUGAR DE PRODUCCIÓN (CULTIVO),Los Ríos,Valencia,AUSENTE,-0.8827212558,-79.41266104
9/10/2024,LUGAR DE PRODUCCIÓN (CULTIVO),Los Ríos,Urdaneta,AUSENTE,-1.565489725,-79.48461186
9/10/2024,"URBANA (PARQUE, AVENIDA, JARDÍN)",Los Ríos,Valencia,AUSENTE,-0.906793609,-79.40760147
9/10/2024,"URBANA (PARQUE, AVENIDA, JARDÍN)",Los Ríos,Babahoyo,AUSENTE,-1.646430879,-79.46868975
9/10/2024,"URBANA (PARQUE, AVENIDA, JARDÍN)",Los Ríos,Babahoyo,AUSENTE,-1.646430879,-79.46868975
9/10/2024,LUGAR DE PRODUCCIÓN (CULTIVO),Los Ríos,Baba,AUSENTE,-1.709424186,-79.74376465
9/10/2024,LUGAR DE PRODUCCIÓN (CULTIVO),Los Ríos,Vinces,AUSENTE,-1.634015417,-79.74348002
9/10/2024,LUGAR DE PRODUCCIÓN (CULTIVO),Los Ríos,Babahoyo,AUSENTE,-1.712867152,-79.42329651
9/10/2024,LUGAR DE PRODUCCIÓN (CULTIVO),Los Ríos,Babahoyo,AUSENTE,-1.760465851,-79.48993668
9/10/2024,LUGAR DE PRODUCCIÓN (CULTIVO),Los Ríos,Buena Fe,AUSENTE,-0.6701799716,-79.43169642
9/10/2024,LUGAR DE PRODUCCIÓN (CULTIVO),Los Ríos,Urdaneta,AUSENTE,-1.553643787,-79.48709173
9/10/2024,LUGAR DE PRODUCCIÓN (CULTIVO),Los Ríos,Valencia,AUSENTE,-0.9141169933,-79.34347768
9/10/2024,LUGAR DE PRODUCCIÓN (CULTIVO),Los Ríos,Valencia,AUSENTE,-0.8267938025,-79.28177943
9/10/2024,"URBANA (PARQUE, AVENIDA, JARDÍN)",Los Ríos,Babahoyo,AUSENTE,-1.627376804,-79.47080719
9/10/2024,LUGAR DE PRODUCCIÓN (CULTIVO),Los Ríos,Urdaneta,AUSENTE,-1.624562793,-79.46906581
9/10/2024,LUGAR DE PRODUCCIÓN (CULTIVO),Los Ríos,Valencia,AUSENTE,-0.906000209,-79.33313174
9/10/2024,LUGAR DE PRODUCCIÓN (CULTIVO),Los Ríos,Valencia,AUSENTE,-0.9085958005,-79.33340008
9/10/2024,LUGAR DE PRODUCCIÓN (CULTIVO),Los Ríos,Valencia,AUSENTE,-0.9135429637,-79.33426027
9/10/2024,LUGAR DE PRODUCCIÓN (CULTIVO),Los Ríos,Urdaneta,AUSENTE,-1.446112583,-79.41239073
9/10/2024,LUGAR DE PRODUCCIÓN (CULTIVO),Los Ríos,Valencia,AUSENTE,-0.9166990448,-79.33408812
9/10/2024,"URBANA (PARQUE, AVENIDA, JARDÍN)",Los Ríos,Valencia,AUSENTE,-0.9044188578,-79.37549263
9/10/2024,"URBANA (PARQUE, AVENIDA, JARDÍN)",Los Ríos,Valencia,AUSENTE,-0.9038938375,-79.37440578
9/10/2024,LUGAR DE PRODUCCIÓN (CULTIVO),Los Ríos,Babahoyo,AUSENTE,-1.909177611,-79.46984841
9/10/2024,LUGAR DE PRODUCCIÓN (CULTIVO),Los Ríos,Urdaneta,AUSENTE,-1.610764105,-79.46036772
9/10/2024,"URBANA (PARQUE, AVENIDA, JARDÍN)",Los Ríos,Valencia,AUSENTE,-0.9087039573,-79.39205772
9/10/2024,"URBANA (PARQUE, AVENIDA, JARDÍN)",Los Ríos,Valencia,AUSENTE,-0.9095375038,-79.39546241
9/10/2024,"URBANA (PARQUE, AVENIDA, JARDÍN)",Los Ríos,Puebloviejo,AUSENTE,-1.477880368,-79.55278319
9/10/2024,LUGAR DE PRODUCCIÓN (CULTIVO),Los Ríos,Baba,AUSENTE,-1.701222071,-79.70558705
9/10/2024,LUGAR DE PRODUCCIÓN (CULTIVO),Los Ríos,Babahoyo,AUSENTE,-1.838971477,-79.50429821
9/10/2024,LUGAR DE PRODUCCIÓN (CULTIVO),Los Ríos,Vinces,AUSENTE,-1.667794722,-79.79467497
9/10/2024,LUGAR DE PRODUCCIÓN (CULTIVO),Los Ríos,Urdaneta,AUSENTE,-1.627494705,-79.47123849
9/10/2024,LUGAR DE PRODUCCIÓN (CULTIVO),Los Ríos,Urdaneta,AUSENTE,-1.456628654,-79.39713393
9/10/2024,LUGAR DE PRODUCCIÓN (CULTIVO),Los Ríos,Valencia,AUSENTE,-0.9863516946,-79.35226585
9/10/2024,LUGAR DE PRODUCCIÓN (CULTIVO),Los Ríos,Babahoyo,AUSENTE,-1.765232242,-79.49013956
9/10/2024,LUGAR DE PRODUCCIÓN (CULTIVO),Los Ríos,Buena Fe,AUSENTE,-0.9604298953,-79.48145827
9/10/2024,LUGAR DE PRODUCCIÓN (CULTIVO),Los Ríos,Baba,AUSENTE,-1.701934991,-79.70317769
9/10/2024,LUGAR DE PRODUCCIÓN (CULTIVO),Los Ríos,Babahoyo,AUSENTE,-1.887210168,-79.48051898
9/10/2024,"URBANA (PARQUE, AVENIDA, JARDÍN)",Los Ríos,Puebloviejo,AUSENTE,-1.409724095,-79.55595363
9/10/2024,LUGAR DE PRODUCCIÓN (CULTIVO),Los Ríos,Babahoyo,AUSENTE,-1.899045277,-79.47655374
9/10/2024,LUGAR DE PRODUCCIÓN (CULTIVO),Los Ríos,Vinces,AUSENTE,-1.648773288,-79.79578307
9/10/2024,"URBANA (PARQUE, AVENIDA, JARDÍN)",Los Ríos,Valencia,AUSENTE,-0.9066217654,-79.40757459
9/10/2024,LUGAR DE PRODUCCIÓN (CULTIVO),Los Ríos,Valencia,AUSENTE,-0.8130297175,-79.28100372
9/10/2024,"URBANA (PARQUE, AVENIDA, JARDÍN)",Los Ríos,Puebloviejo,AUSENTE,-1.392911327,-79.5571142
9/10/2024,LUGAR DE PRODUCCIÓN (CULTIVO),Los Ríos,Babahoyo,AUSENTE,-1.769512468,-79.49304817
9/10/2024,LUGAR DE PRODUCCIÓN (CULTIVO),Los Ríos,Babahoyo,AUSENTE,-1.907990751,-79.46750347
9/10/2024,LUGAR DE PRODUCCIÓN (CULTIVO),Los Ríos,Valencia,AUSENTE,-0.9872877276,-79.30761376
9/10/2024,LUGAR DE PRODUCCIÓN (CULTIVO),Los Ríos,Urdaneta,AUSENTE,-1.588047345,-79.41500123
9/10/2024,LUGAR DE PRODUCCIÓN (CULTIVO),Los Ríos,Valencia,AUSENTE,-0.7987503509,-79.2806324
9/10/2024,LUGAR DE PRODUCCIÓN (CULTIVO),Los Ríos,Urdaneta,AUSENTE,-1.581154631,-79.43691613
9/10/2024,LUGAR DE PRODUCCIÓN (CULTIVO),Los Ríos,Valencia,AUSENTE,-1.9742663,-79.35605731
9/10/2024,LUGAR DE PRODUCCIÓN (CULTIVO),Los Ríos,Urdaneta,AUSENTE,-1.575763457,-79.45966578
9/10/2024,LUGAR DE PRODUCCIÓN (CULTIVO),Los Ríos,Quevedo,AUSENTE,-1.024157007,-79.4123357
9/10/2024,LUGAR DE PRODUCCIÓN (CULTIVO),Los Ríos,Quevedo,AUSENTE,-1.028664724,-79.40211788
9/10/2024,LUGAR DE PRODUCCIÓN (CULTIVO),Los Ríos,Quevedo,AUSENTE,-1.028861118,-79.39703246
9/10/2024,LUGAR DE PRODUCCIÓN (CULTIVO),Los Ríos,Quevedo,AUSENTE,-1.027981845,-79.39301677
9/10/2024,LUGAR DE PRODUCCIÓN (CULTIVO),Los Ríos,Quevedo,AUSENTE,-0.9878450318,-79.35458308
9/10/2024,LUGAR DE PRODUCCIÓN (CULTIVO),Manabí,El Carmen,AUSENTE,-0.3299646083,-79.41842773
9/10/2024,LUGAR DE PRODUCCIÓN (CULTIVO),Manabí,El Carmen,AUSENTE,-0.3297022277,-79.41774503
9/10/2024,LUGAR DE PRODUCCIÓN (CULTIVO),Manabí,El Carmen,AUSENTE,-0.3287982479,-79.4202785
9/10/2024,LUGAR DE PRODUCCIÓN (CULTIVO),Manabí,El Carmen,AUSENTE,-0.3300015606,-79.42328777
9/10/2024,LUGAR DE PRODUCCIÓN (CULTIVO),Manabí,El Carmen,AUSENTE,-0.3282287839,-79.42215613
9/10/2024,LUGAR DE PRODUCCIÓN (CULTIVO),Manabí,El Carmen,AUSENTE,-0.3299741048,-79.42125751
9/10/2024,LUGAR DE PRODUCCIÓN (CULTIVO),Manabí,El Carmen,AUSENTE,-0.3265556106,-79.42177909
9/10/2024,LUGAR DE PRODUCCIÓN (CULTIVO),Manabí,El Carmen,AUSENTE,-0.3259134373,-79.42140188
9/10/2024,LUGAR DE PRODUCCIÓN (CULTIVO),Manabí,El Carmen,AUSENTE,-0.3244933235,-79.41994679
9/10/2024,LUGAR DE PRODUCCIÓN (CULTIVO),Manabí,Chone,AUSENTE,-0.7995612387,-80.12385856
9/10/2024,LUGAR DE PRODUCCIÓN (CULTIVO),Manabí,El Carmen,AUSENTE,-0.3375940219,-79.39666869
9/10/2024,LUGAR DE PRODUCCIÓN (CULTIVO),Manabí,El Carmen,AUSENTE,-0.3592496749,-79.53271378
9/10/2024,LUGAR DE PRODUCCIÓN (CULTIVO),Manabí,El Carmen,AUSENTE,-0.3739943427,-79.49387401
9/10/2024,LUGAR DE PRODUCCIÓN (CULTIVO),Manabí,El Carmen,AUSENTE,-0.3349641951,-79.52299692
9/10/2024,LUGAR DE PRODUCCIÓN (CULTIVO),Manabí,Chone,AUSENTE,-0.8084047855,-80.10713269
9/10/2024,LUGAR DE PRODUCCIÓN (CULTIVO),Manabí,El Carmen,AUSENTE,-0.3859267458,-79.46118005
9/10/2024,LUGAR DE PRODUCCIÓN (CULTIVO),Manabí,El Carmen,AUSENTE,-0.2951891181,-79.40507463
9/10/2024,LUGAR DE PRODUCCIÓN (CULTIVO),Manabí,Chone,AUSENTE,-0.7947671808,-80.12594446
9/10/2024,LUGAR DE PRODUCCIÓN (CULTIVO),Manabí,El Carmen,AUSENTE,-0.3233525975,-79.53165013
9/10/2024,LUGAR DE PRODUCCIÓN (CULTIVO),Manabí,El Carmen,AUSENTE,-0.3750434827,-79.49397265
9/10/2024,LUGAR DE PRODUCCIÓN (CULTIVO),Manabí,El Carmen,AUSENTE,-0.2975319463,-79.40843407
9/10/2024,LUGAR DE PRODUCCIÓN (CULTIVO),Manabí,El Carmen,AUSENTE,-0.3919143485,-79.46365847
9/10/2024,LUGAR DE PRODUCCIÓN (CULTIVO),Manabí,El Carmen,AUSENTE,-0.3592492795,-79.53027014
9/10/2024,LUGAR DE PRODUCCIÓN (CULTIVO),Manabí,El Carmen,AUSENTE,-0.3749438553,-79.49315514
9/10/2024,LUGAR DE PRODUCCIÓN (CULTIVO),Manabí,El Carmen,AUSENTE,-0.4165059056,-79.56324978
9/10/2024,LUGAR DE PRODUCCIÓN (CULTIVO),Manabí,El Carmen,AUSENTE,-0.297695268,-79.41210825
9/10/2024,LUGAR DE PRODUCCIÓN (CULTIVO),Manabí,El Carmen,AUSENTE,-0.4166415343,-79.56304312
9/10/2024,LUGAR DE PRODUCCIÓN (CULTIVO),Manabí,Chone,AUSENTE,-0.6767737954,-80.06041282
9/10/2024,LUGAR DE PRODUCCIÓN (CULTIVO),Manabí,El Carmen,AUSENTE,-0.3919051916,-79.46304758
9/10/2024,LUGAR DE PRODUCCIÓN (CULTIVO),Manabí,El Carmen,AUSENTE,-0.3753054767,-79.49231959
9/10/2024,LUGAR DE PRODUCCIÓN (CULTIVO),Manabí,El Carmen,AUSENTE,-0.297821927,-79.41242266
9/10/2024,LUGAR DE PRODUCCIÓN (CULTIVO),Manabí,El Carmen,AUSENTE,-0.3589418063,-79.53047682
9/10/2024,LUGAR DE PRODUCCIÓN (CULTIVO),Manabí,El Carmen,AUSENTE,-0.341889654,-79.3957966
9/10/2024,LUGAR DE PRODUCCIÓN (CULTIVO),Manabí,El Carmen,AUSENTE,-0.416505955,-79.5635193
9/10/2024,LUGAR DE PRODUCCIÓN (CULTIVO),Manabí,El Carmen,AUSENTE,-0.3463567653,-79.39288524
9/10/2024,LUGAR DE PRODUCCIÓN (CULTIVO),Manabí,El Carmen,AUSENTE,-0.3515846371,-79.39633397
9/10/2024,LUGAR DE PRODUCCIÓN (CULTIVO),Manabí,Chone,AUSENTE,-0.6719155977,-80.05806837
9/10/2024,LUGAR DE PRODUCCIÓN (CULTIVO),Manabí,El Carmen,AUSENTE,-0.3761283778,-79.49164566
9/10/2024,LUGAR DE PRODUCCIÓN (CULTIVO),Manabí,El Carmen,AUSENTE,-0.3898953098,-79.45162969
9/10/2024,LUGAR DE PRODUCCIÓN (CULTIVO),Manabí,El Carmen,AUSENTE,-0.3877252297,-79.45421738
9/10/2024,LUGAR DE PRODUCCIÓN (CULTIVO),Manabí,El Carmen,AUSENTE,-0.3887140511,-79.42190322
9/10/2024,LUGAR DE PRODUCCIÓN (CULTIVO),Manabí,El Carmen,AUSENTE,-0.3898191103,-79.43098538
9/10/2024,LUGAR DE PRODUCCIÓN (CULTIVO),Manabí,El Carmen,AUSENTE,-0.384700884,-79.43432821
9/10/2024,LUGAR DE PRODUCCIÓN (CULTIVO),Manabí,El Carmen,AUSENTE,-0.3770337428,-79.44593639
9/10/2024,LUGAR DE PRODUCCIÓN (CULTIVO),Manabí,El Carmen,AUSENTE,-0.3797539001,-79.43451776
9/10/2024,LUGAR DE PRODUCCIÓN (CULTIVO),Manabí,El Carmen,AUSENTE,-0.3228563168,-79.41949787
9/10/2024,LUGAR DE PRODUCCIÓN (CULTIVO),Manabí,El Carmen,AUSENTE,-0.3230462544,-79.41960564
9/10/2024,LUGAR DE PRODUCCIÓN (CULTIVO),Napo,Tena,AUSENTE,-1.104513781,-77.63880029
9/10/2024,LUGAR DE PRODUCCIÓN (CULTIVO),Napo,Tena,AUSENTE,-1.104428592,-77.63877788
9/10/2024,LUGAR DE PRODUCCIÓN (CULTIVO),Napo,Tena,AUSENTE,-1.108546127,-77.63934951
9/10/2024,"URBANA (PARQUE, AVENIDA, JARDÍN)",Napo,Tena,AUSENTE,-1.108548234,-77.6393533
9/10/2024,LUGAR DE PRODUCCIÓN (CULTIVO),Napo,Tena,AUSENTE,-1.098205595,-77.63832015
9/10/2024,LUGAR DE PRODUCCIÓN (CULTIVO),Napo,Tena,AUSENTE,-1.096659771,-77.6394329
9/10/2024,LUGAR DE PRODUCCIÓN (CULTIVO),Napo,Tena,AUSENTE,-1.095835608,-77.63982448
9/10/2024,LUGAR DE PRODUCCIÓN (CULTIVO),Napo,Tena,AUSENTE,-1.095980824,-77.64012799
9/10/2024,LUGAR DE PRODUCCIÓN (CULTIVO),Napo,Tena,AUSENTE,-1.095935297,-77.64014917
9/10/2024,LUGAR DE PRODUCCIÓN (CULTIVO),Pastaza,Pastaza,AUSENTE,-1.440932469,-77.80796241
9/10/2024,LUGAR DE PRODUCCIÓN (CULTIVO),Pastaza,Pastaza,AUSENTE,-1.584987653,-77.79471813
9/10/2024,LUGAR DE PRODUCCIÓN (CULTIVO),Pastaza,Pastaza,AUSENTE,-1.584987653,-77.79471813
9/10/2024,LUGAR DE PRODUCCIÓN (CULTIVO),Pastaza,Mera,AUSENTE,-1.457093085,-78.1156513
9/10/2024,LUGAR DE PRODUCCIÓN (CULTIVO),Santa Elena,Santa Elena,AUSENTE,-1.88375199,-80.7193982
9/10/2024,LUGAR DE PRODUCCIÓN (CULTIVO),Santa Elena,Santa Elena,AUSENTE,-2.204662989,-80.5436135
9/10/2024,LUGAR DE PRODUCCIÓN (CULTIVO),Santa Elena,Santa Elena,AUSENTE,-2.203114789,-80.544551
9/10/2024,LUGAR DE PRODUCCIÓN (CULTIVO),Santa Elena,Santa Elena,AUSENTE,-2.202551389,-80.5439
9/10/2024,LUGAR DE PRODUCCIÓN (CULTIVO),Santa Elena,Santa Elena,AUSENTE,-2.201717589,-80.5435043
9/10/2024,LUGAR DE PRODUCCIÓN (CULTIVO),Santa Elena,Santa Elena,AUSENTE,-2.200177589,-80.5442305
9/10/2024,LUGAR DE PRODUCCIÓN (CULTIVO),Santa Elena,Santa Elena,AUSENTE,-2.200033289,-80.5436509
9/10/2024,LUGAR DE PRODUCCIÓN (CULTIVO),Santa Elena,Santa Elena,AUSENTE,-2.198350389,-80.5449702
9/10/2024,LUGAR DE PRODUCCIÓN (CULTIVO),Santa Elena,Santa Elena,AUSENTE,-1.86994649,-80.6922311
9/10/2024,LUGAR DE PRODUCCIÓN (CULTIVO),Santo Domingo de los Tsáchilas,Santo Domingo,AUSENTE,-0.3531729979,-79.1817866
9/10/2024,LUGAR DE PRODUCCIÓN (CULTIVO),Santo Domingo de los Tsáchilas,Santo Domingo,AUSENTE,-0.3528109979,-79.1813915
9/10/2024,LUGAR DE PRODUCCIÓN (CULTIVO),Santo Domingo de los Tsáchilas,Santo Domingo,AUSENTE,-0.3535619979,-79.1816159
9/10/2024,LUGAR DE PRODUCCIÓN (CULTIVO),Santo Domingo de los Tsáchilas,La Concordia,AUSENTE,-0.04224199977,-79.537571
9/10/2024,LUGAR DE PRODUCCIÓN (CULTIVO),Santo Domingo de los Tsáchilas,La Concordia,AUSENTE,-0.04207399977,-79.537727
9/10/2024,LUGAR DE PRODUCCIÓN (CULTIVO),Santo Domingo de los Tsáchilas,La Concordia,AUSENTE,-0.04196399977,-79.537808
9/10/2024,LUGAR DE PRODUCCIÓN (CULTIVO),Santo Domingo de los Tsáchilas,La Concordia,AUSENTE,-0.06418319965,-79.4931281
9/10/2024,LUGAR DE PRODUCCIÓN (CULTIVO),Santo Domingo de los Tsáchilas,Santo Domingo,AUSENTE,-0.4387779975,-79.276351
9/10/2024,LUGAR DE PRODUCCIÓN (CULTIVO),Santo Domingo de los Tsáchilas,Santo Domingo,AUSENTE,-0.4236929975,-79.269898
9/10/2024,LUGAR DE PRODUCCIÓN (CULTIVO),Santo Domingo de los Tsáchilas,Santo Domingo,AUSENTE,-0.4236839975,-79.269867
9/10/2024,LUGAR DE PRODUCCIÓN (CULTIVO),Santo Domingo de los Tsáchilas,Santo Domingo,AUSENTE,-0.2537936985,-79.278618
9/10/2024,LUGAR DE PRODUCCIÓN (CULTIVO),Santo Domingo de los Tsáchilas,Santo Domingo,AUSENTE,-0.510732997,-79.239172
9/10/2024,LUGAR DE PRODUCCIÓN (CULTIVO),Santo Domingo de los Tsáchilas,Santo Domingo,AUSENTE,-0.513665997,-79.237493
9/10/2024,LUGAR DE PRODUCCIÓN (CULTIVO),Santo Domingo de los Tsáchilas,Santo Domingo,AUSENTE,-0.512797997,-79.238141
9/10/2024,LUGAR DE PRODUCCIÓN (CULTIVO),Santo Domingo de los Tsáchilas,Santo Domingo,AUSENTE,-0.514749997,-79.238116
9/10/2024,LUGAR DE PRODUCCIÓN (CULTIVO),Santo Domingo de los Tsáchilas,Santo Domingo,AUSENTE,-0.513958997,-79.237853
9/10/2024,LUGAR DE PRODUCCIÓN (CULTIVO),Santo Domingo de los Tsáchilas,Santo Domingo,AUSENTE,-0.514890997,-79.237727
9/10/2024,LUGAR DE PRODUCCIÓN (CULTIVO),Santo Domingo de los Tsáchilas,Santo Domingo,AUSENTE,-0.513422997,-79.231871
9/10/2024,LUGAR DE PRODUCCIÓN (CULTIVO),Santo Domingo de los Tsáchilas,Santo Domingo,AUSENTE,-0.505053997,-79.228415
9/10/2024,LUGAR DE PRODUCCIÓN (CULTIVO),Santo Domingo de los Tsáchilas,Santo Domingo,AUSENTE,-0.4868969972,-79.242437
9/10/2024,LUGAR DE PRODUCCIÓN (CULTIVO),Santo Domingo de los Tsáchilas,Santo Domingo,AUSENTE,-0.4915819971,-79.243862
9/10/2024,LUGAR DE PRODUCCIÓN (CULTIVO),Santo Domingo de los Tsáchilas,Santo Domingo,AUSENTE,-0.4971899971,-79.26666
9/10/2024,LUGAR DE PRODUCCIÓN (CULTIVO),Santo Domingo de los Tsáchilas,Santo Domingo,AUSENTE,-0.4972239971,-79.268298
9/10/2024,LUGAR DE PRODUCCIÓN (CULTIVO),Santo Domingo de los Tsáchilas,La Concordia,AUSENTE,-0.06447809964,-79.4930293
9/10/2024,LUGAR DE PRODUCCIÓN (CULTIVO),Santo Domingo de los Tsáchilas,La Concordia,AUSENTE,-0.06471499964,-79.4927932
9/10/2024,LUGAR DE PRODUCCIÓN (CULTIVO),Santo Domingo de los Tsáchilas,La Concordia,AUSENTE,-0.04187999977,-79.537933
9/10/2024,LUGAR DE PRODUCCIÓN (CULTIVO),Santo Domingo de los Tsáchilas,Santo Domingo,AUSENTE,-0.2105988988,-79.3697719
9/10/2024,LUGAR DE PRODUCCIÓN (CULTIVO),Santo Domingo de los Tsáchilas,Santo Domingo,AUSENTE,-0.2101015988,-79.37026602
9/10/2024,LUGAR DE PRODUCCIÓN (CULTIVO),Santo Domingo de los Tsáchilas,Santo Domingo,AUSENTE,-0.2129770988,-79.36697789
9/10/2024,LUGAR DE PRODUCCIÓN (CULTIVO),Santo Domingo de los Tsáchilas,Santo Domingo,AUSENTE,-0.2104641988,-79.37240398
9/10/2024,LUGAR DE PRODUCCIÓN (CULTIVO),Santo Domingo de los Tsáchilas,Santo Domingo,AUSENTE,-0.2091519988,-79.37226936
9/10/2024,LUGAR DE PRODUCCIÓN (CULTIVO),Santo Domingo de los Tsáchilas,Santo Domingo,AUSENTE,-0.2120912988,-79.3717929
9/10/2024,LUGAR DE PRODUCCIÓN (CULTIVO),Santo Domingo de los Tsáchilas,Santo Domingo,AUSENTE,-0.3396451081,-79.38567275
9/10/2024,LUGAR DE PRODUCCIÓN (CULTIVO),Santo Domingo de los Tsáchilas,Santo Domingo,AUSENTE,-0.3379580981,-79.38757959
9/10/2024,LUGAR DE PRODUCCIÓN (CULTIVO),Santo Domingo de los Tsáchilas,Santo Domingo,AUSENTE,-0.3398078981,-79.38566374
9/10/2024,LUGAR DE PRODUCCIÓN (CULTIVO),Santo Domingo de los Tsáchilas,Santo Domingo,AUSENTE,-0.4007701177,-79.37897807
9/10/2024,LUGAR DE PRODUCCIÓN (CULTIVO),Santo Domingo de los Tsáchilas,La Concordia,AUSENTE,-0.2477373986,-79.4927932
9/10/2024,LUGAR DE PRODUCCIÓN (CULTIVO),Santo Domingo de los Tsáchilas,La Concordia,AUSENTE,-0.06469529964,-79.4934441
9/10/2024,LUGAR DE PRODUCCIÓN (CULTIVO),Zamora Chinchipe,Centinela del Cóndor,AUSENTE,-3.871418273,-78.7600667
9/10/2024,LUGAR DE PRODUCCIÓN (CULTIVO),Zamora Chinchipe,Centinela del Cóndor,AUSENTE,-3.872356873,-78.7621214
9/10/2024,LUGAR DE PRODUCCIÓN (CULTIVO),Zamora Chinchipe,Centinela del Cóndor,AUSENTE,-3.872377273,-78.7621377
9/10/2024,LUGAR DE PRODUCCIÓN (CULTIVO),Zamora Chinchipe,Centinela del Cóndor,AUSENTE,-3.872609973,-78.7621117
8/12/2024,LUGAR DE PRODUCCIÓN (CULTIVO),Carchi,Mira,AUSENTE,0.7700125425,-78.24097798
8/12/2024,LUGAR DE PRODUCCIÓN (CULTIVO),Carchi,Mira,AUSENTE,0.7674751486,-78.24395102
8/12/2024,LUGAR DE PRODUCCIÓN (CULTIVO),Carchi,Mira,AUSENTE,0.746345117,-78.2406698
8/12/2024,LUGAR DE PRODUCCIÓN (CULTIVO),Carchi,Espejo,AUSENTE,0.8049081881,-78.15647417
8/12/2024,LUGAR DE PRODUCCIÓN (CULTIVO),Carchi,Espejo,AUSENTE,0.8059852298,-78.15895991
8/12/2024,LUGAR DE PRODUCCIÓN (CULTIVO),Carchi,Espejo,AUSENTE,0.8058856435,-78.15869069
8/12/2024,LUGAR DE PRODUCCIÓN (CULTIVO),Carchi,Espejo,AUSENTE,0.8061144336,-78.16280178
8/12/2024,LUGAR DE PRODUCCIÓN (CULTIVO),Carchi,Espejo,AUSENTE,0.8055906151,-78.16319711
8/12/2024,LUGAR DE PRODUCCIÓN (CULTIVO),Loja,Zapotillo,AUSENTE,-4.383205169,-80.30592192
8/12/2024,LUGAR DE PRODUCCIÓN (CULTIVO),Loja,Zapotillo,AUSENTE,-4.380675759,-80.31956881
8/12/2024,LUGAR DE PRODUCCIÓN (CULTIVO),Loja,Zapotillo,AUSENTE,-4.386501802,-80.31992403
8/12/2024,LUGAR DE PRODUCCIÓN (CULTIVO),Loja,Zapotillo,AUSENTE,-4.383386552,-80.30641742
8/12/2024,LUGAR DE PRODUCCIÓN (CULTIVO),Loja,Zapotillo,AUSENTE,-4.368123961,-80.28527112
8/12/2024,LUGAR DE PRODUCCIÓN (CULTIVO),Santo Domingo de los Tsáchilas,Santo Domingo,AUSENTE,-0.2556646985,-79.1761472
8/12/2024,LUGAR DE PRODUCCIÓN (CULTIVO),Santo Domingo de los Tsáchilas,Santo Domingo,AUSENTE,-0.2556713985,-79.1761417
8/12/2024,LUGAR DE PRODUCCIÓN (CULTIVO),Santo Domingo de los Tsáchilas,Santo Domingo,AUSENTE,-0.2556681985,-79.1761525
8/12/2024,LUGAR DE PRODUCCIÓN (CULTIVO),Santo Domingo de los Tsáchilas,Santo Domingo,AUSENTE,-0.2556662985,-79.1761463
8/12/2024,LUGAR DE PRODUCCIÓN (CULTIVO),Santo Domingo de los Tsáchilas,Santo Domingo,AUSENTE,-0.2556680985,-79.1761546
8/12/2024,LUGAR DE PRODUCCIÓN (CULTIVO),Santo Domingo de los Tsáchilas,Santo Domingo,AUSENTE,-0.2556763985,-79.1761675
8/12/2024,LUGAR DE PRODUCCIÓN (CULTIVO),Santo Domingo de los Tsáchilas,Santo Domingo,AUSENTE,-0.2556696985,-79.1761563
8/12/2024,LUGAR DE PRODUCCIÓN (CULTIVO),Santo Domingo de los Tsáchilas,Santo Domingo,AUSENTE,-0.2556660985,-79.1761488
8/12/2024,LUGAR DE PRODUCCIÓN (CULTIVO),Santo Domingo de los Tsáchilas,Santo Domingo,AUSENTE,-0.2556709985,-79.1761516
8/12/2024,LUGAR DE PRODUCCIÓN (CULTIVO),Santo Domingo de los Tsáchilas,Santo Domingo,AUSENTE,-0.2556750985,-79.176165
8/12/2024,LUGAR DE PRODUCCIÓN (CULTIVO),Santo Domingo de los Tsáchilas,Santo Domingo,AUSENTE,-0.2556691985,-79.1761488
8/12/2024,LUGAR DE PRODUCCIÓN (CULTIVO),Santo Domingo de los Tsáchilas,Santo Domingo,AUSENTE,-0.2556761985,-79.176163
8/12/2024,LUGAR DE PRODUCCIÓN (CULTIVO),Santo Domingo de los Tsáchilas,Santo Domingo,AUSENTE,-0.2556637985,-79.1761447
8/12/2024,LUGAR DE PRODUCCIÓN (CULTIVO),Santo Domingo de los Tsáchilas,Santo Domingo,AUSENTE,-0.2556682985,-79.1761525
8/11/2024,LUGAR DE PRODUCCIÓN (CULTIVO),Cañar,La Troncal,AUSENTE,-2.343574332,-79.41130336
8/11/2024,LUGAR DE PRODUCCIÓN (CULTIVO),Cañar,La Troncal,AUSENTE,-2.341939542,-79.40523646
8/11/2024,LUGAR DE PRODUCCIÓN (CULTIVO),Cañar,La Troncal,AUSENTE,-2.353288133,-79.40420764
8/11/2024,LUGAR DE PRODUCCIÓN (CULTIVO),Cañar,La Troncal,AUSENTE,-2.366607517,-79.41039615
8/11/2024,"URBANA (PARQUE, AVENIDA, JARDÍN)",Cañar,La Troncal,AUSENTE,-2.479948883,-79.32074511
8/11/2024,"URBANA (PARQUE, AVENIDA, JARDÍN)",Cañar,La Troncal,AUSENTE,-2.49893507,-79.32418275
8/11/2024,"URBANA (PARQUE, AVENIDA, JARDÍN)",Cañar,La Troncal,AUSENTE,-2.49403557,-79.3186503
8/11/2024,"URBANA (PARQUE, AVENIDA, JARDÍN)",Cañar,La Troncal,AUSENTE,-2.491979213,-79.31589258
8/11/2024,"URBANA (PARQUE, AVENIDA, JARDÍN)",Cañar,La Troncal,AUSENTE,-2.482088609,-79.31093298
8/11/2024,LUGAR DE PRODUCCIÓN (CULTIVO),Cañar,La Troncal,AUSENTE,-2.409088858,-79.35256188
8/11/2024,LUGAR DE PRODUCCIÓN (CULTIVO),Carchi,Mira,AUSENTE,0.8170938914,-78.32038839
8/11/2024,LUGAR DE PRODUCCIÓN (CULTIVO),Carchi,Mira,AUSENTE,0.8172389773,-78.32111549
8/11/2024,LUGAR DE PRODUCCIÓN (CULTIVO),Carchi,Mira,AUSENTE,0.8131764096,-78.31394497
8/11/2024,LUGAR DE PRODUCCIÓN (CULTIVO),Carchi,Mira,AUSENTE,0.8110596484,-78.31090293
8/11/2024,LUGAR DE PRODUCCIÓN (CULTIVO),Carchi,Mira,AUSENTE,0.8230889595,-78.32528628
8/11/2024,LUGAR DE PRODUCCIÓN (CULTIVO),Cotopaxi,La Maná,AUSENTE,-0.9668585088,-79.25368437
8/11/2024,LUGAR DE PRODUCCIÓN (CULTIVO),Cotopaxi,La Maná,AUSENTE,-0.8819626144,-79.21657902
8/11/2024,LUGAR DE PRODUCCIÓN (CULTIVO),Cotopaxi,La Maná,AUSENTE,-0.8859325912,-79.21689155
8/11/2024,LUGAR DE PRODUCCIÓN (CULTIVO),Cotopaxi,La Maná,AUSENTE,-0.9586211961,-79.25546736
8/11/2024,LUGAR DE PRODUCCIÓN (CULTIVO),Cotopaxi,La Maná,AUSENTE,-0.9685786032,-79.25737585
8/11/2024,LUGAR DE PRODUCCIÓN (CULTIVO),Cotopaxi,La Maná,AUSENTE,-0.9685786218,-79.25741178
8/11/2024,LUGAR DE PRODUCCIÓN (CULTIVO),Cotopaxi,La Maná,AUSENTE,-0.8815121841,-79.22013667
8/11/2024,LUGAR DE PRODUCCIÓN (CULTIVO),Cotopaxi,La Maná,AUSENTE,-0.96979065,-79.25790527
8/11/2024,LUGAR DE PRODUCCIÓN (CULTIVO),Cotopaxi,La Maná,AUSENTE,-0.883619136,-79.22004584
8/11/2024,LUGAR DE PRODUCCIÓN (CULTIVO),El Oro,El Guabo,AUSENTE,-3.24401412,-79.82216636
8/11/2024,LUGAR DE PRODUCCIÓN (CULTIVO),El Oro,El Guabo,AUSENTE,-3.092921402,-79.77190458
8/11/2024,LUGAR DE PRODUCCIÓN (CULTIVO),El Oro,El Guabo,AUSENTE,-3.244177068,-79.80691261
8/11/2024,LUGAR DE PRODUCCIÓN (CULTIVO),El Oro,Machala,AUSENTE,-3.343657574,-79.93479529
8/11/2024,LUGAR DE PRODUCCIÓN (CULTIVO),El Oro,El Guabo,AUSENTE,-3.174634578,-79.81911431
8/11/2024,LUGAR DE PRODUCCIÓN (CULTIVO),El Oro,Machala,AUSENTE,-3.350956379,-79.9591248
8/11/2024,LUGAR DE PRODUCCIÓN (CULTIVO),El Oro,El Guabo,AUSENTE,-3.174534493,-79.8186015
8/11/2024,LUGAR DE PRODUCCIÓN (CULTIVO),El Oro,Machala,AUSENTE,-3.385588741,-79.93164448
8/11/2024,LUGAR DE PRODUCCIÓN (CULTIVO),El Oro,El Guabo,AUSENTE,-3.174434026,-79.81775575
8/11/2024,LUGAR DE PRODUCCIÓN (CULTIVO),El Oro,El Guabo,AUSENTE,-3.240634536,-79.8095625
8/11/2024,LUGAR DE PRODUCCIÓN (CULTIVO),El Oro,Machala,AUSENTE,-3.359809151,-79.92332912
8/11/2024,LUGAR DE PRODUCCIÓN (CULTIVO),El Oro,Machala,AUSENTE,-3.303713119,-79.87774234
8/11/2024,LUGAR DE PRODUCCIÓN (CULTIVO),El Oro,Machala,AUSENTE,-3.274031268,-79.8739327
8/11/2024,LUGAR DE PRODUCCIÓN (CULTIVO),El Oro,El Guabo,AUSENTE,-3.172452519,-79.81720909
8/11/2024,LUGAR DE PRODUCCIÓN (CULTIVO),El Oro,El Guabo,AUSENTE,-3.074221762,-79.80034942
8/11/2024,LUGAR DE PRODUCCIÓN (CULTIVO),El Oro,Machala,AUSENTE,-3.387307091,-79.93139057
8/11/2024,LUGAR DE PRODUCCIÓN (CULTIVO),El Oro,Machala,AUSENTE,-3.353349187,-79.92193212
8/11/2024,LUGAR DE PRODUCCIÓN (CULTIVO),El Oro,Machala,AUSENTE,-3.274026065,-79.87734355
8/11/2024,LUGAR DE PRODUCCIÓN (CULTIVO),El Oro,Pasaje,AUSENTE,-3.315081009,-79.86806358
8/11/2024,LUGAR DE PRODUCCIÓN (CULTIVO),El Oro,El Guabo,AUSENTE,-3.222007325,-79.79138841
8/11/2024,LUGAR DE PRODUCCIÓN (CULTIVO),El Oro,Machala,AUSENTE,-3.301547643,-79.8825057
8/11/2024,LUGAR DE PRODUCCIÓN (CULTIVO),El Oro,Machala,AUSENTE,-3.352255491,-79.92265336
8/11/2024,LUGAR DE PRODUCCIÓN (CULTIVO),El Oro,Machala,AUSENTE,-3.337211549,-79.89699198
8/11/2024,LUGAR DE PRODUCCIÓN (CULTIVO),El Oro,El Guabo,AUSENTE,-3.109018193,-79.77687082
8/11/2024,LUGAR DE PRODUCCIÓN (CULTIVO),El Oro,El Guabo,AUSENTE,-3.247979661,-79.85680893
8/11/2024,LUGAR DE PRODUCCIÓN (CULTIVO),El Oro,Machala,AUSENTE,-3.313738481,-79.91289416
8/11/2024,LUGAR DE PRODUCCIÓN (CULTIVO),El Oro,Pasaje,AUSENTE,-3.331434396,-79.85214181
8/11/2024,LUGAR DE PRODUCCIÓN (CULTIVO),El Oro,Machala,AUSENTE,-3.383545582,-79.9326458
8/11/2024,LUGAR DE PRODUCCIÓN (CULTIVO),El Oro,Machala,AUSENTE,-3.384102997,-79.94602038
8/11/2024,LUGAR DE PRODUCCIÓN (CULTIVO),El Oro,Machala,AUSENTE,-3.299815089,-79.87816971
8/11/2024,LUGAR DE PRODUCCIÓN (CULTIVO),El Oro,El Guabo,AUSENTE,-3.248990021,-79.85443197
8/11/2024,LUGAR DE PRODUCCIÓN (CULTIVO),El Oro,Machala,AUSENTE,-3.31360148,-79.9116973
8/11/2024,LUGAR DE PRODUCCIÓN (CULTIVO),El Oro,Pasaje,AUSENTE,-3.316221561,-79.86095232
8/11/2024,LUGAR DE PRODUCCIÓN (CULTIVO),El Oro,El Guabo,AUSENTE,-3.21488674,-79.79719205
8/11/2024,LUGAR DE PRODUCCIÓN (CULTIVO),El Oro,Pasaje,AUSENTE,-3.303330959,-79.81379035
8/11/2024,LUGAR DE PRODUCCIÓN (CULTIVO),El Oro,Pasaje,AUSENTE,-3.313488618,-79.85983946
8/11/2024,LUGAR DE PRODUCCIÓN (CULTIVO),El Oro,El Guabo,AUSENTE,-3.07754379,-79.75537575
8/11/2024,LUGAR DE PRODUCCIÓN (CULTIVO),El Oro,Pasaje,AUSENTE,-3.307221015,-79.81435271
8/11/2024,LUGAR DE PRODUCCIÓN (CULTIVO),El Oro,Machala,AUSENTE,-3.34659796,-79.92709674
8/11/2024,LUGAR DE PRODUCCIÓN (CULTIVO),El Oro,Machala,AUSENTE,-3.300627643,-79.87682782
8/11/2024,LUGAR DE PRODUCCIÓN (CULTIVO),El Oro,Pasaje,AUSENTE,-3.308496801,-79.81471119
8/11/2024,LUGAR DE PRODUCCIÓN (CULTIVO),El Oro,Machala,AUSENTE,-3.277803537,-79.87427947
8/11/2024,LUGAR DE PRODUCCIÓN (CULTIVO),El Oro,Pasaje,AUSENTE,-3.319997033,-79.84080612
8/11/2024,LUGAR DE PRODUCCIÓN (CULTIVO),Esmeraldas,Eloy Alfaro,AUSENTE,1.046726657,-78.92883602
8/11/2024,LUGAR DE PRODUCCIÓN (CULTIVO),Esmeraldas,Eloy Alfaro,AUSENTE,1.02970333,-78.93114657
8/11/2024,LUGAR DE PRODUCCIÓN (CULTIVO),Esmeraldas,Eloy Alfaro,AUSENTE,1.023069742,-78.93540844
8/11/2024,LUGAR DE PRODUCCIÓN (CULTIVO),Esmeraldas,Eloy Alfaro,AUSENTE,1.026105335,-78.93185849
8/11/2024,LUGAR DE PRODUCCIÓN (CULTIVO),Esmeraldas,Eloy Alfaro,AUSENTE,1.018924056,-78.92808155
8/11/2024,LUGAR DE PRODUCCIÓN (CULTIVO),Esmeraldas,Quinindé,AUSENTE,0.3591064998,-79.54223681
8/11/2024,LUGAR DE PRODUCCIÓN (CULTIVO),Esmeraldas,Rioverde,AUSENTE,1.044305952,-79.42899248
8/11/2024,LUGAR DE PRODUCCIÓN (CULTIVO),Esmeraldas,Quinindé,AUSENTE,0.3610237944,-79.54155372
8/11/2024,LUGAR DE PRODUCCIÓN (CULTIVO),Esmeraldas,Quinindé,AUSENTE,0.3608432347,-79.54358414
8/11/2024,LUGAR DE PRODUCCIÓN (CULTIVO),Esmeraldas,Rioverde,AUSENTE,1.04395321,-79.42892976
8/11/2024,LUGAR DE PRODUCCIÓN (CULTIVO),Esmeraldas,Quinindé,AUSENTE,0.3637549628,-79.54015179
8/11/2024,LUGAR DE PRODUCCIÓN (CULTIVO),Esmeraldas,Rioverde,AUSENTE,1.043880922,-79.42905558
8/11/2024,LUGAR DE PRODUCCIÓN (CULTIVO),Guayas,Naranjal,AUSENTE,-2.523499394,-79.51133726
8/11/2024,LUGAR DE PRODUCCIÓN (CULTIVO),Guayas,Naranjal,AUSENTE,-2.698427578,-79.63215262
8/11/2024,LUGAR DE PRODUCCIÓN (CULTIVO),Guayas,Simón Bolívar,AUSENTE,-2.066708718,-79.42722913
8/11/2024,LUGAR DE PRODUCCIÓN (CULTIVO),Guayas,Simón Bolívar,AUSENTE,-2.069623924,-79.42129341
8/11/2024,LUGAR DE PRODUCCIÓN (CULTIVO),Guayas,Simón Bolívar,AUSENTE,-2.021797766,-79.50377881
8/11/2024,LUGAR DE PRODUCCIÓN (CULTIVO),Guayas,Balao,AUSENTE,-2.908686325,-79.77391846
8/11/2024,LUGAR DE PRODUCCIÓN (CULTIVO),Guayas,Simón Bolívar,AUSENTE,-2.068053872,-79.42485466
8/11/2024,LUGAR DE PRODUCCIÓN (CULTIVO),Guayas,Guayaquil,AUSENTE,-2.351117798,-80.26716706
8/11/2024,LUGAR DE PRODUCCIÓN (CULTIVO),Guayas,Simón Bolívar,AUSENTE,-2.024653887,-79.50182553
8/11/2024,LUGAR DE PRODUCCIÓN (CULTIVO),Guayas,Simón Bolívar,AUSENTE,-2.038723613,-79.49874721
8/11/2024,LUGAR DE PRODUCCIÓN (CULTIVO),Guayas,Simón Bolívar,AUSENTE,-2.090788777,-79.43273371
8/11/2024,LUGAR DE PRODUCCIÓN (CULTIVO),Guayas,Simón Bolívar,AUSENTE,-2.038456055,-79.49312915
8/11/2024,LUGAR DE PRODUCCIÓN (CULTIVO),Guayas,Balao,AUSENTE,-2.927908912,-79.71145469
8/11/2024,LUGAR DE PRODUCCIÓN (CULTIVO),Guayas,Simón Bolívar,AUSENTE,-2.080676177,-79.37776614
8/11/2024,LUGAR DE PRODUCCIÓN (CULTIVO),Guayas,Simón Bolívar,AUSENTE,-2.088035693,-79.42897892
8/11/2024,LUGAR DE PRODUCCIÓN (CULTIVO),Guayas,Simón Bolívar,AUSENTE,-2.045730321,-79.49614279
8/11/2024,LUGAR DE PRODUCCIÓN (CULTIVO),Guayas,Simón Bolívar,AUSENTE,-2.045449947,-79.49613406
8/11/2024,LUGAR DE PRODUCCIÓN (CULTIVO),Guayas,Guayaquil,AUSENTE,-2.346687119,-80.27109953
8/11/2024,LUGAR DE PRODUCCIÓN (CULTIVO),Guayas,El Triunfo,AUSENTE,-2.355847384,-79.42785066
8/11/2024,LUGAR DE PRODUCCIÓN (CULTIVO),Guayas,Simón Bolívar,AUSENTE,-2.045720081,-79.4948753
8/11/2024,LUGAR DE PRODUCCIÓN (CULTIVO),Guayas,Simón Bolívar,AUSENTE,-2.082653676,-79.3748337
8/11/2024,LUGAR DE PRODUCCIÓN (CULTIVO),Guayas,Simón Bolívar,AUSENTE,-2.082491162,-79.37509455
8/11/2024,LUGAR DE PRODUCCIÓN (CULTIVO),Guayas,Simón Bolívar,AUSENTE,-2.039705409,-79.48490281
8/11/2024,LUGAR DE PRODUCCIÓN (CULTIVO),Guayas,Simón Bolívar,AUSENTE,-2.042395863,-79.47999216
8/11/2024,LUGAR DE PRODUCCIÓN (CULTIVO),Guayas,Simón Bolívar,AUSENTE,-2.073285429,-79.42911936
8/11/2024,LUGAR DE PRODUCCIÓN (CULTIVO),Guayas,Simón Bolívar,AUSENTE,-2.078611757,-79.3753592
8/11/2024,LUGAR DE PRODUCCIÓN (CULTIVO),Guayas,Simón Bolívar,AUSENTE,-2.078567312,-79.37610533
8/11/2024,LUGAR DE PRODUCCIÓN (CULTIVO),Guayas,Milagro,AUSENTE,-2.140285653,-79.50497963
8/11/2024,LUGAR DE PRODUCCIÓN (CULTIVO),Guayas,Simón Bolívar,AUSENTE,-2.058248602,-79.46914508
8/11/2024,LUGAR DE PRODUCCIÓN (CULTIVO),Guayas,El Triunfo,AUSENTE,-2.341148656,-79.45786964
8/11/2024,LUGAR DE PRODUCCIÓN (CULTIVO),Guayas,Milagro,AUSENTE,-2.125671837,-79.48798506
8/11/2024,LUGAR DE PRODUCCIÓN (CULTIVO),Guayas,Simón Bolívar,AUSENTE,-2.074145217,-79.37629862
8/11/2024,LUGAR DE PRODUCCIÓN (CULTIVO),Guayas,Simón Bolívar,AUSENTE,-2.074163063,-79.37606489
8/11/2024,LUGAR DE PRODUCCIÓN (CULTIVO),Guayas,Simón Bolívar,AUSENTE,-2.075795856,-79.42537738
8/11/2024,LUGAR DE PRODUCCIÓN (CULTIVO),Guayas,Milagro,AUSENTE,-2.125437888,-79.48919891
8/11/2024,LUGAR DE PRODUCCIÓN (CULTIVO),Guayas,Guayaquil,AUSENTE,-2.359915166,-80.25816889
8/11/2024,LUGAR DE PRODUCCIÓN (CULTIVO),Guayas,Milagro,AUSENTE,-2.125582654,-79.48926169
8/11/2024,LUGAR DE PRODUCCIÓN (CULTIVO),Guayas,Simón Bolívar,AUSENTE,-2.065512353,-79.46133541
8/11/2024,LUGAR DE PRODUCCIÓN (CULTIVO),Guayas,Simón Bolívar,AUSENTE,-2.0652685,-79.46167724
8/11/2024,LUGAR DE PRODUCCIÓN (CULTIVO),Guayas,Simón Bolívar,AUSENTE,-2.074687672,-79.37614525
8/11/2024,LUGAR DE PRODUCCIÓN (CULTIVO),Guayas,Simón Bolívar,AUSENTE,-2.075130888,-79.3762257
8/11/2024,LUGAR DE PRODUCCIÓN (CULTIVO),Guayas,Simón Bolívar,AUSENTE,-2.075818262,-79.37628792
8/11/2024,LUGAR DE PRODUCCIÓN (CULTIVO),Guayas,Simón Bolívar,AUSENTE,-2.021797766,-79.50377881
8/11/2024,LUGAR DE PRODUCCIÓN (CULTIVO),Guayas,Simón Bolívar,AUSENTE,-2.075376147,-79.42169222